NUMESCALA;C_Abonos;C_Agro-ganadero y alimentario;C_Energético;C_Material de construcción;C_Minerales no metálicos;C_Químicos;C_Siderometalúrgico;C_Vehículos y elementos de transporte;C_Otras mercancías;D_Abonos;D_Agro-ganadero y alimentario;D_Energético;D_Material de construcción;D_Minerales no metálicos;D_Químicos;D_Siderometalúrgico;D_Vehículos y elementos de transporte;D_Otras mercancías
C201901726;0;0;0;0;0;0;0;0;0;11000;0;0;0;0;0;0;0;0
C201901753;0;0;0;0;0;0;0;0;0;0;0;64867.87;0;0;0;0;0;0
C201901755;0;0;0;0;0;0;0;0;0;0;4361.21;0;0;0;0;0;0;0
C201901758;0;0;0;0;0;0;0;0;0;0;0;0;0;0;0;6195.25;0;0
C201901770;0;0;0;0;0;0;0;0;0;8009.8;0;0;0;0;0;0;0;0
C201901773;0;0;0;0;0;0;0;0;0;0;2405.54;0;0;0;0;0;0;0
C201901783;0;0;0;0;0;4505;0;0;0;4857.748;0;0;0;0;0;0;0;0
C201901785;0;0;0;0;0;0;0;0;0;0;3298.724;0;0;0;0;0;0;0
C202000008;0;0;0;0;0;0;0;0;0;3042.815;0;0;0;0;0;0;0;0
C202000009;0;0;0;0;0;0;0;0;0;0;0;0;0;0;0;7500;0;0
C202000010;0;0;0;0;0;0;0;0;0;4401;0;0;0;0;0;0;0;0
C202000015;0;0;0;0;0;0;0;0;0;0;0;0;0;0;0;4650.171;0;0
C202000016;0;0;0;0;0;0;0;0;0;0;0;0;0;0;0;19874.4;0;0
C202000025;0;0;0;0;0;0;0;0;0;0;0;0;0;4472.639;0;0;0;0
C202000027;0;0;0;0;0;8000;0;0;0;0;0;0;0;0;0;0;0;0
C202000031;0;0;0;0;0;0;0;0;0;0;2749.784;0;0;0;0;0;0;0
C202000032;0;0;0;0;0;0;0;0;0;0;0;0;0;0;0;4600.651;0;0
C202000033;0;0;0;0;0;4850;0;0;0;0;0;0;0;0;0;0;0;0
C202000035;0;0;0;0;0;0;0;0;0;0;0;0;0;0;0;9546.02;0;0
C202000043;0;0;0;0;0;2901;0;0;0;0;0;0;0;0;0;0;0;0
C202000048;0;0;0;0;0;17004;0;0;0;0;0;0;0;0;0;0;0;0
C202000049;0;0;0;0;0;0;1000;0;0;0;0;0;0;0;0;0;0;0
C202000051;0;0;0;0;0;0;0;0;0;6700;0;0;0;0;0;0;0;0
C202000053;0;0;0;0;0;0;0;0;0;5932.5;0;0;0;0;0;0;0;0
C202000054;0;0;0;0;0;0;0;0;0;0;3000;0;0;0;0;0;0;0
C202000064;0;0;0;0;0;0;0;0;0;0;0;0;0;0;0;5693.835;0;0
C202000065;0;0;0;0;2611.344;0;0;0;0;0;0;0;0;0;0;0;0;0
C202000067;0;0;0;0;0;0;0;0;0;6950.995;0;0;0;0;0;0;0;0
C202000071;0;0;0;0;0;3490;0;0;0;0;0;0;0;0;0;0;0;0
C202000072;0;0;0;0;0;0;0;0;0;0;0;0;0;0;0;4602.832;0;0
C202000074;0;0;0;0;0;0;0;0;0;0;0;0;0;0;95.45;0;0;0
C202000076;0;0;0;0;0;6008.14;0;0;0;0;0;0;0;0;0;0;0;0
C202000078;0;0;0;0;0;2755.5;0;0;0;0;0;0;0;0;0;0;0;0
C202000088;0;0;0;0;0;0;0;0;0;0;0;0;0;0;0;0;0;1106.186
C202000093;0;0;0;0;0;0;0;0;0;4400;0;0;0;0;2000;0;0;0
C202000094;0;6158.9;0;0;0;0;0;0;0;7400;0;0;0;0;0;0;0;0
C202000095;0;0;0;0;0;29353.1;0;0;0;0;0;0;0;0;0;0;0;0.36
C202000096;0;0;0;0;0;0;0;0;0;0;0;0;0;0;0;0;0;136.6
C202000097;0;0;0;0;0;0;0;0;0;7690;0;0;0;0;0;0;0;0
C202000101;0;0;0;0;0;0;0;0;0;4230;0;0;0;0;0;0;0;0
C202000104;0;0;0;0;0;0;1500;0;0;0;0;0;0;0;0;0;0;0
C202000108;0;0;0;0;0;0;0;0;0;0;0;0;0;0;0;1778.72;0;0
C202000109;0;0;0;0;0;0;3252.003;0;0;0;0;0;0;0;0;0;0;0
C202000110;0;0;0;0;0;0;0;0;0;4399.548;0;0;0;0;0;0;0;0
C202000111;0;0;0;0;0;0;2094.31;0;0;0;0;0;0;0;0;0;0;0
C202000113;0;0;0;0;0;0;0;0;0;2259.701;0;0;0;0;0;0;0;0
C202000116;0;0;0;0;0;0;11724.92;0;0;0;0;0;0;0;0;0;0;0
C202000117;0;0;0;0;0;0;0;0;0;3500;0;0;0;0;0;0;0;0
C202000123;0;0;0;0;0;0;0;0;0;4830;0;0;0;0;0;0;0;0
C202000124;0;0;0;0;0;0;0;0;0;0;3675;0;0;0;0;0;0;0
C202000126;0;0;0;0;0;0;0;0;0;0;0;0;0;0;0;4155.82;0;0
C202000127;0;0;0;0;0;0;0;0;0;0;0;0;0;0;0;4997.272;0;0
C202000133;0;0;0;0;0;0;0;0;0;3024.24;0;0;0;0;0;0;0;0
C202000136;0;0;0;0;0;0;0;0;0;0;0;0;0;0;0;4622.168;0;0
C202000137;0;0;0;0;0;0;0;0;0;0;3717.91;0;0;0;0;0;0;0
C202000141;0;0;0;0;0;0;0;0;90.253;0;0;0;0;0;0;0;0;0
C202000142;0;0;0;0;0;0;0;0;25.886;0;0;0;0;0;0;0;0;3617.143
C202000146;0;0;0;0;0;0;0;0;0;4200;0;0;0;0;0;0;0;0
C202000154;0;0;0;0;0;0;0;0;0;7305;0;0;0;0;0;0;0;0
C202000163;0;0;0;0;0;0;0;0;0;0;0;0;5003.22;0;0;0;0;0
C202000165;0;0;0;0;0;0;2750.84;0;0;0;0;0;0;0;0;0;0;0
C202000167;0;0;0;0;0;0;0;0;0;2005;0;0;0;0;0;0;0;0
C202000170;0;0;0;0;0;0;0;0;0;0;0;0;0;0;0;4630.511;0;0
C202000171;0;0;0;0;0;0;0;0;0;0;0;0;0;0;0;3398;0;0
C202000175;0;0;0;0;0;4600;0;0;0;4408.47;0;0;0;0;0;0;0;0
C202000176;0;0;0;0;0;0;0;0;0;0;0;0;0;0;0;3460.814;0;0
C202000178;0;0;0;302.492;0;0;0;0;0;0;0;0;0;0;0;0;0;0
C202000184;0;0;0;0;0;4787;0;0;0;0;0;0;0;0;0;4507.596;0;0
C202000187;0;0;0;0;0;0;0;0;1501.115;0;0;0;0;0;0;0;0;0
C202000191;0;0;0;0;0;0;0;0;0;0;0;0;0;0;0;4606.491;0;0
C202000192;0;0;0;0;0;3340;0;0;0;0;0;0;0;0;0;0;0;0
C202000196;0;0;0;0;0;0;0;0;0;0;0;0;0;0;95.55;0;0;0
C202000197;0;0;0;0;0;37.785;0;0;0;0;0;0;0;0;0;0;0;0
C202000198;0;0;0;0;0;0;0;0;0;0;0;0;0;0;0;28000;0;0
C202000210;0;0;0;0;0;0;0;0;0;0;0;0;0;0;0;5748.9;0;0
C202000213;0;0;0;0;0;0;0;0;0;0;3000;0;0;0;0;0;0;0
C202000214;0;0;0;0;0;0;0;0;0;3029.331;0;0;0;0;0;0;0;0
C202000216;0;0;0;0;0;0;0;0;0;0;31491;0;0;0;0;0;0;0
C202000228;0;0;0;0;0;0;1847.141;0;1.25;0;0;0;0;0;0;0;0;0
C202000230;0;0;0;0;0;2505;0;0;0;0;0;0;0;0;0;0;0;0
C202000233;0;0;0;0;0;0;0;0;0;0;0;0;0;0;0;8000;0;0
C202000234;0;0;0;0;0;0;0;0;0;0;0;0;0;0;0;4455.7;0;0
C202000240;0;0;0;0;0;0;0;0;0;5779.827;0;0;0;0;0;0;0;0
C202000241;0;0;0;0;0;0;2045.09;0;0;0;0;0;0;0;0;0;0;0
C202000253;0;0;0;0;0;4871.72;0;0;0;0;0;0;0;0;0;0;0;0
C202000254;0;0;0;0;3252.34;0;0;0;0;0;0;0;0;0;0;0;0;0
C202000255;0;0;0;0;0;0;1609.809;0;0;0;0;0;0;0;0;0;0;0
C202000257;0;0;0;0;0;0;1147.261;0;0;0;0;0;0;0;0;0;0;0
C202000263;0;0;0;0;0;0;0;0;14.163;0;0;0;0;0;0;0;0;0
C202000264;0;0;0;0;0;2755.5;0;0;0;0;0;0;0;0;0;0;0;0
C202000265;0;0;0;0;0;0;0;0;0;0;17685.7;0;0;0;0;0;0;0
C202000266;0;0;0;0;0;0;0;0;0;0;0;0;0;0;0;3573.949;0;0
C202000267;0;0;0;0;0;0;3998.01;0;0;0;0;0;0;0;0;0;0;0
C202000270;0;0;0;0;0;0;5365.691;0;0;0;0;0;0;0;0;0;0;0
C202000282;0;0;0;0;0;4500;0;0;0;4027.529;0;0;0;0;0;0;0;0
C202000286;0;0;0;0;0;0;0;0;0;3244;0;0;0;0;0;0;0;0
C202000287;0;0;0;0;0;0;0;0;0;0;0;0;0;0;0;3300.09;0;0
C202000290;0;0;0;0;0;0;3515.561;0;0;0;0;0;0;0;0;0;0;0
C202000295;0;0;0;0;2400;0;0;0;0;0;0;0;0;0;0;0;0;0
C202000300;0;0;0;0;0;0;0;0;0;0;0;0;0;0;0;4600.699;0;0
C202000301;0;0;0;0;0;0;1000;0;0;0;0;0;0;0;0;0;0;0
C202000302;0;0;0;0;0;0;0;0;0;0;0;0;0;0;0;922.61;0;0
C202000313;0;0;0;0;0;0;0;0;0;0;3434.84;0;0;0;0;0;0;0
C202000314;0;0;0;0;0;0;0;0;0;0;0;0;0;0;0;3283.995;0;0
C202000316;0;0;0;0;2900;0;0;0;0;0;0;0;0;0;0;0;0;0
C202000322;0;6988.64;0;0;0;0;0;0;0;0;0;0;0;0;0;0;0;0
C202000326;0;0;0;0;0;0;2331.03;0;0;0;0;0;0;0;0;0;0;0
C202000327;0;0;0;0;0;4040;0;0;0;0;0;0;0;0;0;0;0;0
C202000328;0;0;0;0.68;0;182.176;11.31;0;68.158;0;0;0;0;0;0;0;0;0
C202000329;0;0;0;0;0;0;0;0;0;5500;0;0;0;0;0;0;0;0
C202000331;0;0;0;0;0;0;0;0;0;0;0;0;0;0;97.85;0;0;0
C202000332;0;0;0;0;0;0;0;0;0;4339;0;0;0;0;0;0;0;0
C202000333;0;0;0;0;0;6012;0;0;0;0;0;0;0;0;0;0;0;0
C202000337;0;0;0;0;0;0;0;0;0;0;0;0;0;0;0;1869.7;0;0
C202000338;0;0;0;0;0;0;0;0;0;9000;0;0;0;0;0;0;0;0
C202000343;0;0;0;0;0;62;0;0;0;0;0;0;0;0;0;0;0;0
C202000344;0;0;0;0.495;0;291.658;242.36;0;0.859;0;0;0;0;0;0;0;0;0
C202000349;0;0;0;951.016;0;0;55.734;0;0;0;0;0;0;0;0;0;0;0
C202000351;0;0;0;0;0;0;5640.258;0;0;0;0;0;0;0;0;0;0;0
C202000352;0;0;0;0;0;0;0;0;0;0;0;0;0;0;0;4601.531;0;0
C202000357;0;0;0;0;0;0;0;0;0;0;3050;0;0;0;0;0;0;0
C202000358;0;0;0;0;0;0;0;0;0;0;0;0;0;0;0;4194.7;0;0
C202000359;0;0;0;0;0;0;0;0;0;0;13410;0;0;0;0;0;0;0
C202000360;0;0;0;0;0;0;2139.603;0;0;0;0;0;0;0;0;0;0;0
C202000363;0;0;0;0;0;17000;0;0;0;0;0;0;0;0;0;0;0;0
C202000365;0;0;0;0;0;0;2040.871;0;0;0;0;0;0;0;0;0;0;0
C202000368;0;0;0;0;0;2505;0;0;0;0;0;0;0;0;0;963.87;0;0
C202000369;0;0;0;713.262;0;0;41.8;0;0;0;0;0;0;0;0;0;0;0
C202000371;0;0;0;0;0;0;0;0;0;0;0;0;5031.77;0;0;0;0;0
C202000372;0;0;0;0;0;3417;0;0;0;0;0;0;0;0;0;0;0;0
C202000374;0;0;0;0;0;2089;0;0;0;0;0;0;0;0;0;0;0;0
C202000376;0;0;0;0;0;0;0;0;0;6500;0;0;0;0;0;0;0;0
C202000378;0;0;0;0;0;15.776;0;0;281.982;0;0;0;0;0;0;0;0;0
C202000379;0;0;0;0;0;0;0;0;0;0;5697.342;0;0;0;0;0;0;0
C202000381;0;0;0;0;0;3604;0;0;0;0;0;0;0;0;0;3551;0;0
C202000384;0;0;0;0;0;0;0;0;0;0;0;0;0;0;0;9271.171;0;0
C202000388;0;0;0;0;0;0;0;0;0;0;0;0;0;0;0;3082.756;0;0
C202000389;0;0;0;0;0;0;0;0;0;4401.193;0;0;0;0;0;0;0;0
C202000390;0;0;0;0;0;0;0;0;0;0;0;0;0;5752.079;0;0;0;0
C202000391;0;0;0;0;0;3550;0;0;0;0;0;0;0;0;0;0;0;0
C202000392;0;0;0;0;0;0;0;0;0;0;29800;0;0;0;0;0;0;0
C202000394;0;0;0;0;0;0;0;0;0;0;33445.968;0;0;0;0;0;0;0
C202000395;0;0;0;0;0;0;0;0;0;0;0;5500;0;0;0;0;0;0
C202000396;0;0;0;0;0;0;0;0;0;0;7699.24;0;0;0;0;0;0;0
C202000397;0;0;0;0;3130.123;0;0;0;0;0;0;0;0;0;0;0;0;0
C202000400;0;0;0;0;0;0;2361.784;0;0;0;0;0;0;0;0;0;0;0
C202000405;0;0;0;0;0;0;0;0;0;0;0;0;0;0;0;2215.7;0;0
C202000409;0;0;0;0;0;0;0;0;0;0;0;0;0;0;0;4690.77;0;0
C202000410;0;0;0;0;0;0;0;0;0;0;2279.602;0;0;0;0;0;0;0
C202000411;0;0;0;0;0;0;3774.758;0;0;5820;0;0;0;0;0;0;0;0
C202000412;0;0;0;0;0;6000;0;0;0;0;0;0;0;0;0;0;0;0
C202000413;0;0;0;0;0;0;0;0;0;0;0;0;0;0;0;3534.732;0;0
C202000414;0;0;0;0;0;0;0;0;0;3016.8;0;0;0;0;0;0;0;0
C202000415;0;0;0;0;0;0;0;0;0;3080.24;0;0;0;0;0;0;0;0
C202000416;0;0;0;0;0;0;1750;0;0;0;0;0;0;0;0;0;0;0
C202000417;0;0;0;0;0;0;0;0;0;0;0;0;0;0;0;0;0;4859.791
C202000418;0;0;0;0;0;19408;0;0;0;0;0;0;0;0;0;0;0;0
C202000419;2.44;0;0;0.54;0;28.027;0;0;0.091;0;0;0;0;0;0;0;0;0
C202000422;0;0;0;0;0;0;0;0;0;0;0;0;0;0;0;4990.033;0;0
C202000423;0;0;0;0;0;0;0;0;0;0;12106;0;0;0;0;0;0;0
C202000424;0;0;0;0;0;0;2496.538;0;0;0;0;0;0;0;0;0;0;0
C202000425;0;0;0;0;0;0;0;0;0;0;0;0;0;0;0;5425.805;0;0
C202000435;0;0;0;0;0;0;0;0;0;4311;0;0;0;0;0;0;0;0
C202000436;0;0;0;0;0;4850;0;0;0;0;0;0;0;0;0;0;0;0
C202000438;0;0;0;0;0;0;0;0;2150.125;0;0;0;0;0;0;2828.42;0;0
C202000439;0;0;0;0;0;0;0;0;0;0;0;0;0;0;0;9398.103;0;0
C202000440;0;0;0;0;0;0;2624.155;0;0;0;0;0;0;0;0;0;0;0
C202000442;0;0;0;0.9;0;266.445;3.07;0;1.427;0;0;0;0;0;0;0;0;0
C202000443;0;0;0;0;0;0;0;0;0;0;0;0;0;0;0;4776.144;0;0
C202000447;0;0;0;0;0;0;0;0;0;0;0;0;0;0;0;4951.373;0;0
C202000448;0;0;0;0;0;22890.2;0;0;0;0;0;0;0;0;0;0;0;0
C202000450;0;0;0;0;0;0;1606.266;0;2.5;0;0;0;0;0;0;0;0;0
C202000452;0;0;0;4059.462;0;0;153.267;0;0;0;0;0;0;0;0;0;0;0
C202000453;0;0;0;0;0;0;0;0;0;0;0;0;0;0;0;7943.48;0;0
C202000458;0;0;0;0;0;0;0;0;0;0;3163.45;0;0;0;0;0;0;0
C202000460;0;0;0;0;0;0;0;0;0;0;0;0;0;0;0;0;0;204
C202000461;0;0;0;0;0;0;2369.52;0;0;0;0;0;0;0;0;0;0;0
C202000468;0;0;0;0;0;0;0;0;0;0;0;0;0;2842.267;0;0;0;0
C202000475;0;0;0;0;0;4340;0;0;0;0;0;0;0;0;0;0;0;0
C202000476;0;0;0;0;0;0;0;0;0;0;0;0;0;0;0;3013.15;0;0
C202000477;0;0;0;0;0;0;0;0;0;0;0;0;0;0;0;4824.126;0;0
C202000478;0;0;0;0;0;0;0;0;0;0;0;0;0;0;0;8456;0;0
C202000479;0;0;0;0;0;0;0;0;0;8250.096;0;0;0;0;0;0;0;0
C202000483;0;0;0;0;0;0;0;0;0;0;2749.871;0;0;0;0;0;0;0
C202000484;0;0;0;0;0;0;1362.036;0;0;0;0;0;0;0;0;0;0;0
C202000486;0;0;0;0;0;0;0;0;0;0;0;0;0;0;0;3970.24;0;0
C202000489;0;0;0;0;0;0;0;0;0;0;0;0;0;0;0;4728.38;0;0
C202000493;0;0;0;0;0;0;0;0;0;0;0;0;0;0;0;3253.48;0;0
C202000494;0;0;0;0;0;3650;0;0;0;0;0;0;0;0;0;0;0;0
C202000496;0;0;0;0;0;0;0;0;0;0;0;0;0;0;2568.46;0;0;0
C202000497;0;0;0;0;0;4555;0;0;0;0;0;0;0;0;0;0;0;0
C202000500;0;0;0;0;0;0;0;0;0;3391.55;0;0;0;0;0;0;0;0
C202000506;0;0;0;0;0;0;0;0;0;0;0;0;0;0;0;996.815;0;0
C202000508;0;0;0;0;0;0;0;0;520.667;0;0;0;0;0;0;0;0;0
C202000509;0;0;0;0;0;0;0;0;2008.333;0;0;0;0;0;0;0;0;0
C202000510;0;0;0;0;0;12000;0;0;0;0;0;0;0;0;0;0;0;0
C202000511;0;0;0;0;0;0;0;0;0;4279.857;0;0;0;0;0;0;0;0
C202000512;0;0;0;0;0;28610;0;0;0;0;0;0;0;0;0;0;0;0
C202000513;0;0;0;0;0;0;0;0;0;0;0;0;0;0;0;5976.675;0;0
C202000515;0;0;0;0;0;0;0;0;0;0;0;0;4955.97;0;0;0;0;0
C202000521;0;0;0;0;0;0;0;0;0;0;0;0;0;0;261.48;0;0;0
C202000522;0;0;0;2762.262;0;0;0;0;0;0;0;0;0;0;0;0;0;0
C202000523;0;0;0;0;0;0;0;0;0;0;0;0;0;0;0;4399.85;0;0
C202000524;0;0;0;0;0;0;0;0;0;0;0;0;0;0;0;4510.9;0;0
C202000527;0;0;0;0;0;0;0;0;0;2228.014;0;0;0;0;0;0;0;0
C202000528;0;0;0;0;0;0;0;0;0;0;0;0;0;0;0;2765.119;0;0
C202000533;0;0;0;0;0;0;0;0;0;0;0;0;0;0;0;0;0;0.63
C202000537;0;0;0;0.641;0;353.117;0.24;0;71.145;0;0;0;0;0;0;0;0;0
C202000538;0;0;0;0;0;0;4413.723;0;0;0;0;0;0;0;0;0;0;0
C202000539;0;0;0;0;0;0;0;0;0;0;0;0;0;0;0;0;0;939.2
C202000544;0;0;0;0;0;0;0;0;0;0;0;0;0;0;0;2901.003;0;0
C202000545;0;0;0;0;0;1803.6;0;0;0;0;0;0;0;0;0;0;0;0
C202000546;0;0;0;0;0;0;0;0;0;7764.004;0;0;0;0;0;0;0;0
C202000547;0;0;0;0;0;0;2929.716;0;0;0;0;0;0;0;0;0;0;0
C202000548;0;0;0;0;0;0;0;0;0;0;0;0;0;0;0;4755.424;0;0
C202000553;0;0;0;0;0;0;0;0;0;0;2956.56;0;0;0;0;0;0;0
C202000559;0;0;0;0;0;0;0;0;0;0;0;0;0;0;0;3849.9;0;0
C202000560;0;0;0;0;0;0;0;0;0;0;2850;0;0;0;0;0;0;0
C202000561;0;0;0;0;0;0;0;0;0;0;2558.16;0;0;0;0;0;0;0
C202000571;0;0;0;0;0;0;0;0;0;4850;0;0;0;0;0;0;0;0
C202000575;0;0;0;0;0;0;0;0;0;0;0;0;0;0;0;0;0;1363.559
C202000577;0;0;0;0;0;0;0;0;0;0;0;0;0;0;0;0;0;804.9
C202000582;0;0;0;0;0;64.483;0;0;0;0;0;0;0;0;0;0;0;0
C202000583;0;0;0;0;0;0;0;0;0;0;0;0;0;0;0;32999.51;0;0
C202000585;0;0;0;0;0;0;0;0;0;0;0;0;0;0;0;3264.976;0;0
C202000593;0;0;0;0;0;40.508;0;0;142.804;0;0;0;0;0;0;0;0;0
C202000596;0;0;0;0;0;0;0;0;0;0;0;0;0;0;0;4467.821;0;0
C202000597;0;0;0;0;0;15000;0;0;0;0;0;0;0;0;0;0;0;0
C202000598;0;0;0;0;0;0;0;0;0;0;0;0;0;6018.325;0;0;0;0
C202000621;0;0;0;0.18;0;26.893;0;0;0;0;0;0;0;0;0;0;0;0
C202000622;0;0;0;0;0;37.994;0;0;0;0;0;0;0;0;0;0;0;0
C202000624;0;0;0;0;0;0;2582.12;0;0;0;0;0;0;0;0;0;0;0
C202000626;0;0;0;0;0;0;0;0;0;0;0;0;0;0;0;4760.73;0;0
C202000627;0;0;0;0;0;0;0;0;0;0;0;0;0;0;0;28915.08;0;0
C202000632;0;0;0;0;0;0;0;0;0;0;0;71500;0;0;0;0;0;0
C202000638;0;0;0;0;0;28880.58;0;0;0;0;0;0;0;0;0;0;0;0
C202000642;0;0;0;0;0;0;0;0;1448.749;0;0;0;0;0;0;0;0;0
C202000650;0;0;0;0.36;0;263.707;5.949;0;0;0;0;0;0;0;0;0;0;0
C202000652;0;0;0;0;0;3150;0;0;0;0;0;0;0;0;0;0;0;0
C202000656;0;0;0;0;0;0;2000;0;0;0;0;0;0;0;0;0;0;0
C202000661;0;0;0;0;0;0;3198.83;0;0;0;0;0;0;0;0;0;0;0
C202000662;0;0;0;0;0;0;0;0;0;0;0;0;0;0;0;7516;0;0
C202000663;0;0;0;1855.411;0;0;113.79;0;0;0;0;0;0;0;0;0;0;0
C202000665;0;0;0;0;0;0;4813.771;0;0;0;0;0;0;0;0;0;0;0
C202000671;0;0;0;0;0;0;1792.044;0;2.5;0;0;0;0;0;0;0;0;0
C202000672;0;0;0;0;0;0;1682.894;0;0;0;0;0;0;0;0;0;0;0
C202000674;0;0;0;0;0;0;3368.023;0;0;0;0;0;0;0;0;0;0;0
C202000681;0;0;0;0;0;0;0;0;0;0;0;0;0;0;0;0;0;419.94
C202000685;0;0;0;0;0;0;0;0;0;0;0;0;0;0;0;5000.971;0;0
C202000686;0;0;0;0;0;0;0;0;0;0;0;0;0;0;0;4423.7;0;0
C202000694;0;0;0;0;0;0;0;0;0;0;0;0;0;0;0;4760.77;0;0
C202000695;0;0;0;0;0;0;0;0;0;0;0;0;6036.86;0;0;0;0;0
C202000696;0;0;0;0;0;0;0;0;0;7255;0;0;0;0;0;0;0;0
C202000698;0;0;0;0;0;4545;0;0;0;0;0;0;0;0;0;0;0;0
C202000699;0;0;0;0;0;0;0;0;0;0;0;0;0;0;0;1862.4;0;0
C202000707;0;0;0;0;0;0;797.429;0;0;0;0;0;0;0;0;0;0;0
C202000712;0;0;0;0;0;0;0;0;0;0;0;0;0;0;82.7;0;0;0
C202000716;0;0;0;0;0;1803.6;0;0;461;0;0;0;0;0;0;0;0;0
C202000721;0;0;0;0;1836.184;0;0;0;0;0;0;0;0;0;0;0;0;0
C202000722;0;0;0;0;2400;0;0;0;0;0;0;0;0;0;0;0;0;0
C202000723;0;0;0;0;0;0;0;0;0;0;0;0;0;0;0;13649.02;0;0
C202000732;0;0;0;409.004;0;0;25.545;0;0;0;0;0;0;0;0;0;0;0
C202000735;0;0;0;0;0;0;0;0;0;0;3500;0;0;0;0;0;0;0
C202000738;0;0;0;0;0;0;0;0;0;0;2836.382;0;0;0;0;0;0;0
C202000740;0;0;0;0;0;0;0;0;0;7128;0;0;0;0;0;0;0;0
C202000743;0;0;0;0;0;0;0;0;0;0;0;0;0;0;0;4785.545;0;0
C202000747;0;0;0;0;0;0;0;0;0;0;0;0;0;0;0;0;0;3510.226
C202000750;0;5252.98;0;0;0;0;0;0;0;0;0;0;0;0;0;0;0;0
C202000751;0;0;0;0;0;4595;0;0;0;0;0;0;0;0;0;0;0;0
C202000756;0;0;0;0;0;0;0;0;0;0;0;0;0;0;0;0;0;0.515
C202000767;0;0;0;0;0;17260;0;0;0;0;0;0;0;0;0;0;0;0
C202000768;0;0;0;0;0;0;4995.116;0;0;0;0;0;0;0;0;0;0;0
C202000770;0;0;0;0;0;3550;0;0;0;0;0;0;0;0;0;0;0;0
C202000773;0;0;0;0;0;0;0;0;1785.692;0;0;0;0;0;0;0;0;0
C202000774;0;0;0;0;0;0;3966.012;0;0;0;0;0;0;0;0;0;0;0
C202000777;0;0;0;0;0;0;0;0;0;0;0;0;0;0;0;7119;0;0
C202000778;0;0;0;0;0;0;2242.74;0;0;0;0;0;0;0;0;0;0;0
C202000790;0;0;0;0;0;0;5532.482;0;0;0;0;0;0;0;0;0;0;0
C202000796;0;0;0;0.162;0;207.701;1.785;0;0;0;0;0;0;0;0;0;0;0
C202000797;0;0;0;0;0;0;0;0;0;2600.209;0;0;0;0;0;0;0;0
C202000799;0;0;0;0;0;0;0;0;0;0;0;0;0;0;0;9988.495;0;0
C202000802;0;0;0;0;0;0;0;0;0;0;0;0;0;0;0;4799.881;0;0
C202000803;0;0;0;0;0;0;3376.182;0;0;0;0;0;0;0;0;2955.71;0;0
C202000807;0;0;0;0;1861.728;0;0;0;0;0;2575.334;0;0;0;0;0;0;0
C202000812;0;0;0;0;0;0;0;0;0;0;0;0;0;0;0;3826.92;0;0
C202000815;0;0;0;0;0;16996;0;0;0;0;0;0;0;0;0;0;0;0
C202000825;0;0;0;586.134;0;0;0;0;0;0;0;0;0;0;0;0;0;0
C202000830;0;0;0;0;0;29610;0;0;0;0;0;0;0;0;0;0;0;0
C202000832;0;0;0;0;0;0;0;0;0;0;0;0;0;0;0;3412.52;0;0
C202000835;0;0;0;0;0;0;0;0;0;0;2750;0;0;0;0;0;0;0
C202000836;0;0;0;0;10886.5;0;0;0;0;10500;0;0;0;0;0;0;0;0
C202000844;0;0;0;0;0;0;0;0;118.931;0;0;0;0;0;0;0;0;0
C202000845;0;0;0;0;0;0;0;0;0;0;0;0;0;0;0;3422.909;0;0
C202000847;0;0;0;0;0;0;0;0;0;0;0;3849.159;0;0;0;0;0;0
C202000857;0;0;0;0;0;0;4049.295;0;0;0;0;0;0;0;0;0;0;0
C202000858;0;0;0;0;0;288.96;0;0;2.4;0;0;0;0;0;0;0;0;0
C202000860;0;0;0;0;0;0;0;0;0;0;2682.242;0;0;0;0;0;0;0
C202000861;0;0;0;0;0;0;0;0;0;0;0;0;0;0;0;4755.096;0;0
C202000862;0;0;0;0;0;4543;0;0;0;0;0;0;0;0;0;0;0;0
C202000863;0;0;0;0;0;0;0;0;0;0;0;0;0;0;0;4035.455;0;0
C202000864;0;0;0;0;0;0;0;0;0;7960.288;0;0;0;0;0;0;0;0
C202000869;0;0;0;0;0;0;0;0;1271.055;0;0;0;0;0;0;0;0;0
C202000870;0;0;0;0;0;0;4116.78;0;0;5575;0;0;0;0;0;0;0;0
C202000874;0;0;0;0;0;0;0;0;0;2108.041;0;0;0;0;0;0;0;0
C202000878;0;0;0;0;0;0;0;0;0;0;0;0;0;0;0;1218.517;0;0
C202000879;0;0;0;0;0;3600;0;0;0;0;0;0;0;0;0;4284.932;0;0
C202000880;0;0;0;0;0;0;0;0;0;0;0;0;0;0;0;1989.54;0;0
C202000881;0;0;0;0;0;0;0;0;0;0;5498.259;0;0;0;0;0;0;0
C202000885;0;0;0;0;0;0;0;0;0;0;4976.08;0;0;0;0;0;0;0
C202000886;0;0;0;0;0;23021.9;0;0;0;0;0;0;0;0;0;0;0;0
C202000887;0;0;0;0;0;0;1933.57;0;0;0;0;0;0;0;0;0;0;0
C202000888;0;0;0;0;0;0;1553.784;0;0;0;0;0;0;0;0;0;0;0
C202000896;0;0;0;0;0;0;0;0;0;0;58899.99;0;0;0;0;0;0;0
C202000897;0;0;0;0;0;0;3187.328;0;0;0;0;0;0;0;0;0;0;0
C202000898;0;0;0;0;0;0;0;0;0;0;0;0;0;0;0;5000;0;0
C202000899;0;0;0;0;0;38.423;1186.956;0;323.066;0;0;0;0;0;0;0;0;0
C202000901;0;0;0;0;0;0;0;0;0;4410;0;0;0;0;0;0;0;0
C202000903;0;0;0;0;0;0;0;0;0;14301.632;0;0;0;0;0;0;0;0
C202000908;0;0;0;0;0;0;0;0;0;8085;0;0;0;0;0;0;0;0
C202000909;0;0;0;0;0;4050;0;0;0;0;0;0;0;0;0;3309.06;0;0
C202000911;0;0;0;0;0;183.141;1.87;0;93.148;0;0;0;0;0;0;0;0;0
C202000914;0;0;0;0;0;0;0;0;0;0;0;0;0;0;0;2913.771;0;0
C202000915;0;0;0;0;0;0;0;0;0;4327;0;0;0;0;0;0;0;0
C202000916;0;5380.6;0;0;0;0;0;0;0;0;0;0;0;0;0;0;0;0
C202000917;0;0;0;0;0;0;0;0;0;10175;0;0;0;0;0;0;0;0
C202000918;0;0;0;0;0;0;5970.239;0;0;0;0;0;0;0;0;0;0;0
C202000919;0;0;0;455.778;0;0;0;0;0;0;0;0;0;0;0;0;0;0
C202000925;0;0;0;0;0;0;0;0;0;7648.224;0;0;0;0;0;0;0;0
C202000926;0;0;0;0;0;0;0;0;0;0;0;0;0;0;0;9308;0;0
C202000927;0;0;0;0;0;0;0;0;0;7520;0;0;0;0;0;0;0;0
C202000937;0;0;0;0;0;0;0;0;0;0;3100;0;0;0;0;0;0;0
C202000939;0;0;0;0;0;0;0;0;0;4410.092;0;0;0;0;0;0;0;0
C202000943;0;0;0;0;0;0;4741.33;0;0;0;0;0;0;0;0;0;0;0
C202000945;0;0;0;0;0;0;1982.96;0;0;0;0;0;0;0;0;3492.179;0;0
C202000946;0;0;0;0;0;0;0;0;0;4410;0;0;0;0;0;0;0;0
C202000952;0;0;0;0;0;0;0;0;0;0;0;0;0;0;0;4729.569;0;0
C202000953;0;0;0;0;0;0;0;0;0;0;0;0;0;0;97.15;0;0;0
C202000954;0;0;0;0;0;0;0;0;0;6924.45;0;0;0;0;2200;0;0;0
C202000955;0;0;0;0;0;0;0;0;0;0;0;0;6104.31;0;0;0;0;0
C202000956;0;0;0;0;0;0;2537.409;0;0;0;0;0;0;0;0;0;0;0
C202000957;0;0;0;0;0;0;0;0;0;0;0;0;0;0;0;3575.06;0;0
C202000964;0;0;0;0;0;0;0;0;0;0;0;0;0;0;0;3443.25;0;0
C202000965;0;0;0;0;0;0;2000;0;0;0;0;0;0;0;0;2497.68;0;0
C202000966;0;0;0;0;0;3319.395;0;0;0;0;0;0;0;0;0;0;0;0
C202000969;0;0;0;0;0;0;0;0;0;0;0;0;0;0;0;4728.366;0;0
C202000970;0;0;0;0;0;0;0;0;0;0;5498.334;0;0;0;0;0;0;0
C202000972;0;0;0;0;0;0;0;0;0;0;0;0;0;0;0;0;0;118.931
C202000978;0;0;0;0;0;0;0;0;0;0;0;0;0;0;0;3339.507;0;0
C202000979;0;0;0;0;0;0;0;0;0;0;0;65571;0;0;0;0;0;0
C202000980;0;0;0;0;0;0;0;0;0;0;0;0;0;0;0;0;0;1406.266
C202000982;0;0;0;0;2463.14;0;0;0;0.485;0;0;0;0;0;0;0;0;0
C202000988;0;0;0;0;0;3237;0;0;0;0;0;0;0;0;0;0;0;0
C202000992;0;0;0;0;0;22015;0;0;0;0;0;0;0;0;0;0;0;0
C202001000;0;0;0;0;0;0;0;0;0;0;0;0;0;0;0;1219.455;0;0
C202001002;0;0;0;0;0;0;0;0;0;0;2231.156;0;0;0;0;0;0;0
C202001003;0;0;0;0;0;0;0;0;0;0;12508.67;0;0;0;0;0;0;0
C202001010;0;0;0;0;0;0;0;0;0;0;17100;0;0;0;0;0;0;0
C202001011;0;0;0;0;0;0;0;0;0;0;0;0;0;0;0;36525;0;0
C202001013;0;0;0;0;0;0;1970.162;0;2.5;0;0;0;0;0;0;0;0;0
C202001016;0;0;0;0;0;0;0;0;0;9450;0;0;0;0;0;0;0;0
C202001017;0;0;0;0;0;0;0;0;0;0;0;0;0;0;0;4946.561;0;0
C202001018;0;0;0;0;0;0;1598.837;0;0;0;0;0;0;0;0;0;0;0
C202001019;0;0;0;0;0;0;0;0;0;0;2850.981;0;0;0;0;0;0;0
C202001020;0;0;0;0.45;0;158.226;0.85;0;0;0;0;0;0;0;0;0;0;0
C202001021;0;0;0;0;0;0;4924.516;0;0;0;0;0;0;0;0;0;0;0
C202001030;0;0;0;0;0;0;0;0;0;0;0;0;0;0;0;4735.432;0;0
C202001034;0;0;0;0;0;0;0;0;0;0;33000;0;0;0;0;0;0;0
C202001036;0;0;0;0;0;0;5712.835;0;0;0;0;0;0;0;0;0;0;0
C202001037;0;0;0;0;0;0;2500;0;0;0;0;0;0;0;0;0;0;0
C202001041;0;0;0;0;0;0;0;0;0;0;0;0;0;0;0;3662.84;0;0
C202001048;0;0;0;0;0;0;0;0;0;0;0;0;0;0;0;1953.23;0;0
C202001049;0;0;0;0;0;0;0;0;0;4620;0;0;0;0;0;0;0;0
C202001050;0;0;0;0;0;0;0;0;0;4965.872;0;0;0;0;0;0;0;0
C202001051;0;0;0;0;0;0;1573.025;0;0;0;0;0;0;0;0;0;0;0
C202001054;0;0;0;0;0;0;0;0;0;0;0;0;0;0;0;4759.021;0;0
C202001061;0;0;0;0;0;0;2079.44;0;0;0;0;0;0;0;0;0;0;0
C202001063;0;0;0;0;0;3526;0;0;0;0;0;0;0;0;0;0;0;0
C202001065;0;0;0;0;0;0;0;0;0;6105.57;0;0;0;0;0;0;0;0
C202001068;0;0;0;0;0;0;0;0;0;6016.007;0;0;0;0;0;0;0;0
C202001069;0;0;0;0;0;0;0;0;28.542;0;0;0;0;0;0;0;0;0
C202001070;0;0;0;0;0;0;10150;0;0;0;0;0;0;0;0;0;0;0
C202001075;0;0;0;0;0;0;0;0;474.552;0;0;0;0;0;0;0;0;0
C202001077;0;0;0;0;0;0;0;0;0;4315;0;0;0;0;0;0;0;0
C202001078;0;0;0;0;0;0;0;0;0;4703.394;0;0;0;0;0;0;0;0
C202001079;0;0;0;0;0;0;0;0;0;0;0;0;0;0;0;14417.414;0;0
C202001080;0;0;0;0;0;0;0;0;0;6200;0;0;0;0;0;0;0;0
C202001083;0;0;0;0;0;4600;0;0;0;0;0;0;0;0;0;0;0;0
C202001090;0;0;0;0;0;0;0;0;0;0;0;0;0;0;0;4735.659;0;0
C202001096;0;0;0;0;0;0;0;0;0;10700;0;0;0;0;0;0;0;0
C202001098;0;0;0;0;0;0;0;0;0;0;0;0;0;0;0;3910.62;0;0
C202001103;0;0;0;0;0;32750;0;0;0;0;0;0;0;0;0;0;0;0
C202001105;0;0;0;0;0;0;0;0;0;0;22016;0;0;0;0;0;0;0
C202001106;0;0;0;0;0;0;0;0;0;0;0;0;0;0;0;4874.88;0;0
C202001107;0;0;0;0;0;0;0;0;0;7632;0;0;0;0;0;0;0;0
C202001108;0;0;0;0;1510.92;0;0;0;0;0;0;0;0;0;0;0;0;0
C202001109;0;0;0;0;0;0;0;0;13.357;0;0;0;0;0;0;0;0;0
C202001111;0;0;0;0;0;0;0;0;0;1700;0;0;0;0;0;0;0;0
C202001115;0;0;0;0;0;0;0;0;0;0;2313.898;0;0;0;0;0;0;0
C202001116;0;0;0;0;0;0;0;0;0;0;3300;0;0;0;0;0;0;0
C202001119;0;0;0;0;0;0;0;0;2016.652;0;0;0;0;0;0;0;0;0
C202001126;0;0;0;0;0;0;0;0;0;0;0;0;0;0;0;0;0;4206.124
C202001127;0;0;0;0;0;0;0;0;0;0;0;0;0;0;0;4733.066;0;0
C202001128;0;0;0;0;0;0;0;0;0;0;2750;0;0;0;0;0;0;0
C202001131;0;0;0;0;0;0;0;0;0;0;10000;0;0;0;0;0;0;0
C202001134;0;0;0;0;0;249.087;0;0;0;0;0;0;0;0;0;0;0;0
C202001135;0;0;0;0;0;0;0;0;0;0;54571.015;0;0;0;0;0;0;0
C202001136;0;0;0;0;0;0;0;0;0;0;0;0;0;0;0;5019.971;0;0
C202001144;0;0;0;0;0;0;0;0;0;4326;0;0;0;0;0;0;0;0
C202001153;0;0;0;0;0;0;0;0;114.404;0;0;0;0;0;0;0;0;0
C202001156;0;0;0;0;0;0;0;0;0;4600;0;0;0;0;0;0;0;0
C202001157;0;0;0;0;0;0;0;0;0;0;0;0;0;0;0;3619.687;0;0
C202001158;0;0;0;0;0;0;0;0;0;0;3500;0;0;0;0;0;0;0
C202001159;0;0;0;0;0;0;0;0;0;0;3666.34;0;0;0;0;0;0;0
C202001162;0;0;0;0;0;0;7452.657;0;0;0;0;0;0;0;0;0;0;0
C202001164;0;0;0;0;0;0;0;0;0;4724.97;0;0;0;0;0;0;0;0
C202001165;0;0;0;0;0;0;0;0;0;0;2750.919;0;0;0;0;0;0;0
C202001166;0;0;0;0;0;24345;0;0;0;0;0;0;0;0;0;0;0;0
C202001168;0;0;0;0;0;0;0;0;0;0;20609.68;0;0;0;0;0;0;0
C202001169;0;0;0;17.855;0;227.345;0;0;0.104;0;0;0;0;0;0;0;0;0
C202001176;0;0;0;0;0;0;0;0;0;0;0;0;0;0;0;2608.09;0;0
C202001177;0;0;0;0;0;0;0;0;0;6161.187;0;0;0;0;0;0;0;0
C202001178;0;0;0;0;0;0;0;0;0;3850;0;0;0;0;0;0;0;0
C202001185;0;0;0;0;0;26738;0;0;0;0;0;0;0;0;0;0;0;0
C202001186;0;0;0;0;0;0;0;0;0;5487.66;0;0;0;0;0;0;0;0
C202001187;0;0;0;0;0;0;0;0;0;6172.445;0;0;0;0;0;0;0;0
C202001195;0;0;0;0;0;0;0;0;0;22968;0;0;0;0;0;0;0;0
C202001197;0;0;0;0;0;0;0;0;0;0;0;0;0;0;0;4000.501;0;0
C202001204;0;0;0;0;0;0;0;0;0;0;0;0;0;5998.384;0;0;0;0
C202001206;0;0;0;0;0;0;0;0;0;7580;0;0;0;0;0;0;0;0
C202001207;0;0;0;0;0;3509;0;0;0;0;0;0;0;0;0;0;0;0
C202001209;0;0;0;0;0;0;1966.78;0;0;0;0;0;0;0;0;0;0;0
C202001210;0;0;0;0;0;0;0;0;0;0;0;0;0;0;0;3473.78;0;0
C202001211;0;0;0;0;0;0;0;0;0;0;3300;0;0;0;0;0;0;0
C202001212;0;0;0;0;0;0;0;0;0;0;0;0;0;0;0;2014.27;0;0
C202001213;0;0;0;0;0;4612;0;0;0;0;0;0;0;0;0;0;0;4003.935
C202001224;0;0;0;0;0;0;0;0;0;0;0;0;0;0;0;3707.31;0;0
C202001229;0;0;0;0;0;0;0;0;0;0;0;0;0;0;0;5629.009;0;0
C202001230;0;0;0;0;0;0;0;0;0;4945;0;0;0;0;0;0;0;0
C202001232;0;0;0;0;0;0;0;0;0;0;0;0;5952.35;0;0;0;0;0
C202001235;0;0;0;0;0;0;0;0;0;5950.002;0;0;0;0;0;0;0;0
C202001240;0;0;0;0;0;0;1927.619;0;0;0;0;0;0;0;0;0;0;0
C202001246;0;0;0;0;0;0;0;0;0;0;0;0;0;0;0;4609.931;0;0
C202001247;0;0;0;0;0;2900;0;0;0;0;0;0;0;0;0;0;0;0
C202001248;0;0;0;0;0;2805.6;0;0;0;0;0;0;0;0;0;0;0;0
C202001250;0;0;0;0;0;0;0;0;863.75;0;0;0;0;0;0;0;0;0
C202001251;0;0;0;0;0;0;0;0;0;4724;0;0;0;0;0;0;0;0
C202001254;0;0;0;4451;0;108.766;0;0;0;0;3000;0;0;0;0;0;0;0
C202001257;0;0;0;0;0;3459;0;0;0;0;0;0;0;0;0;0;0;0
C202001259;0;0;0;0;0;20000;0;0;0;0;0;0;0;0;0;0;0;0
C202001260;0;0;0;0;0;0;0;0;0;0;0;0;0;0;0;12205.243;0;0
C202001261;0;0;0;0;0;0;0;0;0;3959.42;0;0;0;0;0;0;0;0
C202001262;0;0;0;0;0;0;0;0;2060.57;0;0;0;0;0;0;2529.581;0;0
C202001264;0;0;0;0;0;0;0;0;152.37;0;0;0;0;0;97.05;0;0;0
C202001265;0;0;0;0;0;0;0;0;0;0;0;0;0;0;0;1890.66;0;0
C202001277;0;0;0;0;0;0;0;0;0;0;10000;0;0;0;0;0;0;0
C202001278;0;0;0;0;0;3845;0;0;0;0;0;0;0;0;0;0;0;0
C202001284;0;0;0;0;0;0;0;0;0;4725;0;0;0;0;0;0;0;0
C202001287;0;0;0;0;0;0;0;0;0;0;0;0;0;0;0;3937;0;0
C202001296;0;0;0;0;0;0;0;0;0;0;0;0;0;0;0;22771.425;0;0
C202001306;0;0;0;0;0;0;0;0;0;0;3725.35;0;0;0;0;0;0;0
C202001307;0;0;0;0;0;0;0;0;0;0;0;0;0;0;0;3430.57;0;0
C202001308;0;0;0;0;0;128.461;193.646;0;0;0;0;0;0;0;0;0;0;0
C202001310;0;0;0;0;0;0;4294.471;0;0;0;0;0;0;0;0;0;0;0
C202001312;0;0;0;0;0;3921;0;0;0;0;0;0;0;0;0;0;0;0
C202001313;0;0;0;0;0;0;0;0;0;0;0;0;0;0;0;4611.13;0;0
C202001315;0;0;0;0;0;0;0;0;0;0;2750.416;0;0;0;0;0;0;0
C202001324;0;0;0;0;0;23075;0;0;0;0;0;0;0;0;0;0;0;0
C202001325;0;0;0;0;0;0;0;0;0;0;0;0;0;0;0;11000;0;0
C202001330;0;0;0;0;0;0;0;0;0;0;0;0;0;0;0;3141.75;0;0
C202001332;0;0;0;0;0;0;0;0;0;0;0;0;0;0;0;0;0;1344.6
C202001334;0;0;0;0;0;0;0;0;0;1902.204;0;0;0;0;0;0;0;0
C202001335;0;0;0;0;0;0;1830.484;0;0;0;0;0;0;0;0;0;0;0
C202001336;0;0;0;0;0;0;0;0;0;4599.953;0;0;0;0;0;0;0;0
C202001339;0;0;0;0;0;0;61.722;0;240.28;0;0;0;0;0;0;0;0;0
C202001340;0;0;0;0;0;0;0;0;0;0;0;0;0;0;0;2496.75;0;0
C202001348;0;0;0;0;0;327.204;0;0;86.937;0;0;0;0;0;0;0;0;0
C202001349;0;0;0;0;0;0;0;0;0;0;0;0;0;0;0;4599.65;0;0
C202001354;0;0;0;0;0;0;0;0;0;0;0;0;0;0;0;3034.16;0;0
C202001358;0;0;0;0;0;0.092;2847.342;0;109.418;0;0;0;0;0;0;0;0;0
C202001359;0;0;0;2.196;0;18.474;0;0;0.447;0;0;0;0;0;0;0;0;0
C202001360;0;0;0;0;0;0;0;0;0;4400;0;0;0;0;0;0;0;0
C202001362;0;0;0;0;0;0;0;0;0;0;0;0;0;0;1.709;3.683;0;8.469
C202001369;0;0;0;0;0;0;0;0;0;0;0;0;0;0;96.9;0;0;0
C202001374;0;0;0;0;0;3206.4;0;0;0;0;0;0;0;0;0;0;0;0
C202001376;0;0;0;0;0;0;0;0;0;0;2948.59;0;0;0;0;0;0;0
C202001378;0;0;0;0;0;0;0;0;0;0;0;0;0;0;0;24500;0;0
C202001381;0;0;0;0;0;0;0;0;0;0;0;0;0;0;0;4517.625;0;0
C202001383;0;0;0;0;0;0;0;0;0;5933;0;0;0;0;0;0;0;0
C202001385;0;0;0;0;0;0;2143.01;0;0;0;0;0;0;0;0;0;0;0
C202001389;0;0;0;0;0;0;0;0;0;0;0;0;0;0;0;0;0;309.4
C202001390;0;0;0;0;0;0;0;0;0;0;3155.56;0;0;0;0;0;0;0
C202001397;0;0;0;0;0;18119;0;0;0;0;0;0;0;0;0;0;0;0
C202001398;0;0;0;0;0;0;0;0;0;0;0;3110.31;0;0;0;0;0;0
C202001400;0;0;0;0;0;0;0;0;0;4374;0;0;0;0;0;0;0;0
C202001401;0;0;0;0;0;0;0;0;142.84;0;0;0;0;0;0;0;0;0
C202001402;0;0;0;0;0;0;0;0;0;0;0;0;0;0;0;1200;0;0
C202001408;0;0;0;0;0;4498;0;0;0;0;0;0;0;0;0;0;0;0
C202001414;0;0;0;0;0;0;0;0;1950.925;0;0;0;0;0;0;0;0;0
C202001415;0;0;0;0;0;27123.2;0;0;0;0;0;0;0;0;0;0;0;0
C202001416;0;0;0;0;0;0;0;0;0;3550;0;0;0;0;0;0;0;0
C202001419;0;0;0;0;0;0;0;0;0;3192.5;0;0;0;0;0;0;0;0
C202001421;0;0;0;0;0;0;0;0;0;0;0;0;0;0;0;832.53;0;0
C202001425;0;0;0;0;2170;0;0;0;0;0;0;0;0;0;0;0;0;0
C202001426;0;0;0;0;2558.602;0;0;0;0;0;0;0;0;0;0;0;0;0
C202001427;0;0;0;0;0;0;101.97;0;400.47;0;0;0;0;0;0;0;0;0
C202001429;0;0;0;0;0;0;3697.362;0;0;0;0;0;0;0;0;0;0;0
C202001430;0;0;0;0;0;0;0;0;0;0;0;0;0;0;0;5000;0;0
C202001431;0;0;0;0;0;0;1942.169;0;0;0;0;0;0;0;0;0;0;0
C202001432;0;0;0;0;0;0;0;0;0;0;0;0;0;0;0;1914.15;0;0
C202001433;0;0;0;0;0;0;1722.098;0;2.5;0;0;0;0;0;0;0;0;0
C202001435;0;0;0;0;0;0;0;0;0;6643;0;0;0;0;0;0;0;0
C202001441;0;0;0;0.9;0;256.894;1.955;0;0;0;0;0;0;0;0;0;0;0
C202001447;0;0;0;0;0;0;0;0;0;1410;0;0;0;0;0;0;0;0
C202001448;0;0;0;0;0;0;1620.264;0;0;0;0;0;0;0;0;0;0;0
C202001449;0;0;0;0;0;0;0;0;0;0;0;0;0;0;0;5993.68;0;0
C202001453;0;0;0;0;0;0;0;0;0;0;0;0;4858.99;0;0;0;0;0
C202001455;0;0;0;0;0;0;0;0;0;4599.218;0;0;0;0;0;0;0;0
C202001456;0;0;0;0;0;0;0;0;0;0;0;0;0;0;0;7066.645;0;0.21
C202001457;0;0;0;0;0;0;0;0;0;0;2600;0;0;0;0;0;0;0
C202001459;0;0;0;0;0;0;0;0;480.56;0;0;0;0;0;0;0;0;0
C202001461;0;0;0;0;0;0;0;0;0;0;0;0;0;0;0;3709.435;0;0
C202100013;0;0;0;0;0;0;0;0;0;0;0;4361.56;0;0;0;0;0;0
C202100014;0;0;0;0;0;6001;0;0;0;0;0;0;0;0;0;0;0;0
C202100018;0;0;0;0;0;0;0;0;0;0;0;0;0;0;0;0;0;2743
C202100021;0;0;0;0;0;0;0;0;0;2260.839;0;0;0;0;0;0;0;0
C202100022;0;0;0;0;0;0;0;0;0;0;3237.24;0;0;0;0;0;0;0
C202100025;0;0;0;0;0;0;0;0;0;0;2750;0;0;0;0;0;0;0
C202100026;0;0;0;0;0;0;0;0;0;0;0;0;0;0;0;2784.5;0;0
C202100031;0;0;0;0;0;0;0;0;0;4989.65;0;0;0;0;0;0;0;0
C202100033;0;0;0;0;0;3400;0;0;0;0;0;0;0;0;0;0;0;0
C202100034;0;0;0;0;0;0;0;0;0;0;0;0;0;0;0;4603.998;0;0
C202100035;0;0;0;0;0;3509.45;0;0;0;0;0;0;0;0;0;0;0;0
C202100037;0;0;0;0;0;0;0;0;0;0;3150;0;0;0;0;0;0;0
C202100038;0;0;0;0;0;0;0;0;240.28;0;0;0;0;0;0;0;0;0
C202100044;0;0;0;0;0;0;0;0;8.284;0;0;0;0;0;0;0;0;0
C202100045;0;0;0;0;0;0;0;0;0;0;0;0;0;0;0;2490;0;0
C202100046;0;0;0;0;0;0;0;0;0;0;3300.344;0;0;0;0;0;0;0
C202100051;0;0;0;0.27;0;279.582;0.375;0;0.003;0;0;0;0;0;0;1914.62;0;0
C202100056;0;0;0;0;0;0;0;0;0;0;2506.08;0;0;0;0;0;0;0
C202100058;0;0;0;0;0;0;0;0;0;4591.073;0;0;0;0;0;0;0;0
C202100059;0;0;0;0;0;0;0;0;0;0;0;0;0;0;2000;0;0;0
C202100061;0;0;0;0;0;0;0;0;0;0;2721.764;0;0;0;0;0;0;0
C202100063;0;0;0;0;0;10020;0;0;0;0;0;0;0;0;0;0;0;0
C202100064;0;0;0;0;0;0;0;0;0;0;0;0;0;0;0;4659.3;0;0
C202100065;0;0;0;0;0;0;0;0;0;0;0;0;0;0;0;0;0;4116.485
C202100070;0;0;0;0;0;0;0;0;44;0;0;0;0;0;0;0;0;0
C202100071;0;0;0;0;0;4445;0;0;0;0;0;0;0;0;0;0;0;0
C202100075;0;0;0;0;0;0;0;0;0;7523;0;0;0;0;0;0;0;0
C202100078;0;0;0;0;0;0;0;0;0;4601.046;0;0;0;0;0;0;0;0
C202100082;0;0;0;0;0;16005;0;0;0;0;0;0;0;0;0;0;0;0
C202100089;0;0;0;0;0;0;81.576;0;320.28;0;0;0;0;0;0;0;0;0
C202100101;0;0;0;0;0;0;0;0;0;0;0;0;0;0;0;5043.072;0;0
C202100106;0;0;0;0;0;0;0;0;0;0;27731.182;0;0;0;0;0;0;0
C202100107;0;0;0;0;0;0;0;0;0;0;0;0;0;0;0;10022;0;0
C202100109;0;0;0;183.17;0;252.98;2489.017;0;21.535;0;0;0;0;0;0;0;0;0
C202100110;0;0;0;0;0;0;0;0;0;0;0;0;0;0;0;4601.469;0;0
C202100111;0;0;0;0;0;0;0;0;0;0;11170;0;0;0;0;0;0;0
C202100113;0;0;0;0;0;0;0;0;0;0;29130.713;0;0;0;0;0;0;0
C202100115;0;0;0;0;0;0;0;0;0;4339;0;0;0;0;0;0;0;0
C202100117;0;0;0;0;0;0;0;0;0;4800;0;0;0;0;0;0;0;0
C202100120;0;0;0;0;0;0;0;0;0;0;0;0;0;0;0;4044.145;0;0
C202100122;0;0;0;0;0;0;0;0;0;0;0;0;0;0;0;4999.976;0;0
C202100133;0;0;0;0;0;0;0;0;0;3450;0;0;0;0;0;0;0;0
C202100142;0;5775.38;0;0;0;0;0;0;0;0;0;0;0;0;0;0;0;0
C202100143;0;0;0;0;0;0;0;0;0;0;0;0;0;0;0;3038.35;0;0
C202100149;0;0;0;0;0;0;40.788;0;160.19;0;0;0;0;0;0;0;0;0
C202100152;0;0;0;0;0;0;0;0;0;0;0;0;0;0;0;0;0;2399.44
C202100153;0;0;0;0;0;0;0;0;240.28;0;0;0;0;0;0;0;0;0
C202100155;0;0;0;0;0;0;0;0;92.43;0;0;0;0;0;0;0;0;0
C202100156;0;0;0;0;0;0;0;0;0;4600;0;0;0;0;0;0;0;0
C202100157;0;0;0;0;0;0;0;0;1269.175;0;0;0;0;0;0;0;0;0
C202100158;0;0;0;0;0;0;2173.24;0;0;0;0;0;0;0;0;0;0;0
C202100159;0;0;0;0;0;0;0;0;0;0;0;0;0;0;0;4595.799;0;0
C202100168;0;0;0;0;0;0;0;0;0;0;0;0;0;0;0;2465.8;0;0
C202100172;0;0;0;0;0;0;0;0;0;4700;0;0;0;0;0;0;0;0
C202100176;0;0;0;0;0;0;0;0;2131.209;0;0;0;0;0;0;0;0;0
C202100186;0;0;0;0;0;0;0;0;0;0;0;0;0;0;0;795.3;0;0
C202100188;0;0;0;0;0;4850;0;0;0;4725;0;0;0;0;0;0;0;0
C202100190;0;0;0;0;0;0;0;0;0;5672.48;0;0;0;0;0;0;0;0
C202100191;0;0;0;0;0;0;0;0;0;0;3556.076;0;0;0;0;0;0;0
C202100192;0;0;0;0;0;0;0;0;0;0;3684.1;0;0;0;0;0;0;0
C202100194;0;0;0;0;0;0;0;0;0;0;0;63406.9;0;0;0;0;0;0
C202100195;0;0;0;0;0;0;0;0;0;3300;0;0;0;0;0;0;0;0
C202100199;0;0;0;0;0;0;2454.921;0;0;0;0;0;0;0;0;3009.877;0;0
C202100202;0;0;0;0;0;3286;0;0;0;0;0;0;0;0;0;0;0;0
C202100203;0;0;0;0;0;0;0;0;0;4585;0;0;0;0;0;0;0;0
C202100204;0;0;0;0;0;0;0;0;36.501;0;0;0;0;0;0;0;0;0
C202100206;0;0;0;0;0;35678.35;0;0;0;0;0;0;0;0;0;0;0;0.02
C202100208;0;0;0;0;0;0;0;0;0;0;5299.832;0;0;0;0;0;0;0
C202100209;0;0;0;0;0;0;0;0;0;0;0;0;0;0;0;0;0;3509.978
C202100210;0;0;0;0;0;0;0;0;0;0;0;0;0;0;0;3302.691;0;0
C202100211;0;3224.8;0;0;0;0;0;0;0;0;0;0;0;0;0;0;0;0
C202100216;0;0;0;0;0;0;0;0;0;0;3000;0;0;0;0;0;0;0
C202100217;0;0;0;0;0;0;43.764;0;188.363;0;0;0;0;0;0;0;0;0
C202100222;0;0;0;0;0;123.12;0;0;0;0;0;0;0;0;0;0;0;0
C202100224;0;0;0;0;0;0;0;0;0;0;0;0;0;0;0;4600.416;0;0
C202100225;0;0;0;0;0;0;2000;0;0;0;0;0;0;0;0;0;0;0
C202100227;0;0;0;0;0;20000;0;0;0;0;0;0;0;0;0;0;0;0
C202100228;0;0;0;0;0;191.809;2.125;0;11.75;0;0;0;0;0;0;0;0;0
C202100229;0;0;0;0;0;0;0;0;0;2127.37;0;0;0;0;0;0;0;0
C202100233;0;0;0;0;0;0;2350.12;0;0;0;0;0;0;0;0;0;0;0
C202100235;0;0;0;0;0;32605;0;0;0;0;0;0;0;0;0;0;0;0
C202100242;0;0;0;0;0;0;0;0;0;0;0;0;0;0;0;10533.555;0;0
C202100251;0;0;0;0;0;0;0;0;0;0;0;0;0;0;0;4650.096;0;0
C202100253;0;0;0;0;0;0;0;0;0;0;0;0;0;0;0;3779.683;0;0
C202100258;0;0;0;0;0;6012;0;0;0;0;0;0;0;0;0;0;0;0
C202100262;0;0;0;0;0;0;0;0;0;4590;0;0;0;0;0;0;0;0
C202100263;0;0;0;0;0;0;0;0;320.4;0;0;0;0;0;0;0;0;0
C202100264;0;0;0;0;0;0;0;0;0;4311;0;0;0;0;0;0;0;0
C202100265;0;0;0;0;0;0;0;0;0;0;0;0;0;0;0;4526;0;0
C202100267;0;0;0;0;0;0;3914.865;0;0;0;0;0;0;0;0;0;0;0
C202100268;0;0;0;0;0;0;0;0;0;0;3196.522;0;0;0;0;0;0;0
C202100272;0;0;0;0;0;0;0;0;0;6100;0;0;0;0;0;0;0;0
C202100276;0;0;0;0;0;10560;0;0;0;0;0;0;0;0;0;0;0;0
C202100278;0;0;0;0;0;0;0;0;0;0;0;0;0;0;0;0;0;9.62
C202100283;0;0;0;0;0;0;0;0;0;0;0;0;0;0;0;4650.171;0;0
C202100285;0;0;0;0;0;0;0;0;0;0;2749.99;0;0;0;0;0;0;0
C202100286;0;0;0;0;0;0;0;0;0;0;11000;0;0;0;0;0;0;0
C202100287;0;0;0;0;0;0;0;0;0;0;0;4008.61;0;0;0;0;0;0
C202100288;0;0;0;0;0;0;0;0;0;3811;0;0;0;0;0;0;0;0
C202100297;0;4099.16;0;0;0;0;0;0;0;0;0;0;0;0;0;0;0;0
C202100298;0;0;0;0;0;148.582;0;0;391.787;0;0;0;0;0;0;0;0;0
C202100303;0;0;0;0;0;0;0;0;0;7716.736;0;0;0;0;0;0;0;0
C202100305;0;0;0;0;0;0;0;0;0;3852;0;0;0;0;0;0;0;0
C202100307;0;0;0;0;0;0;0;0;1803.091;0;0;0;0;0;0;0;0;0
C202100308;0;0;0;0;0;0;0;0;0;4600;0;0;0;0;0;0;0;0
C202100314;0;31500;0;0;0;0;0;0;0;0;0;0;0;0;0;0;0;0
C202100337;0;0;0;0;0;0;0;0;343.885;0;0;0;0;0;0;0;0;0
C202100338;0;0;0;0;1701.797;0;0;0;0;0;0;0;0;0;97.5;0;0;0
C202100348;0;0;0;0;0;0;0;0;0;0;11950;0;0;0;0;0;0;0
C202100349;0;0;0;0;0;2750.49;0;0;0;0;0;0;0;0;0;0;0;0
C202100350;0;0;0;0;0;0;0;0;13.72;0;0;0;0;0;0;0;0;0
C202100353;0;0;0;0;0;0;0;0;0;0;0;0;0;0;0;2933.57;0;0
C202100354;0;0;0;0;0;0;0;0;0;0;0;0;0;0;0;0;0;1379
C202100357;0;0;0;0;0;0;0;0;0;0;0;0;0;0;0;4711.435;0;0
C202100359;0;0;0;0;0;0;0;0;480.6;0;0;0;0;0;0;0;0;0
C202100361;0;0;0;0;0;0;0;0;0;0;0;0;0;0;0;3772.225;0;0
C202100364;0;0;0;0;0;0;1822.834;0;0;0;0;0;0;0;0;0;0;0
C202100366;0;0;0;0;0;17025;0;0;0;0;0;0;0;0;0;0;0;0
C202100367;0;31426.72;0;0;0;0;0;0;0;0;0;0;0;0;0;0;0;0.656
C202100368;0;0;0;0;0;0;4139.438;0;0;0;0;0;0;0;0;0;0;0
C202100369;0;0;0;0;0;0;0;0;0;0;0;0;0;0;0;5215;0;0
C202100372;0;0;0;0;0;0;3199.843;0;0;0;0;0;0;0;0;0;0;0
C202100373;0;0;0;0;0;0;0;0;0;0;0;0;0;0;0;10000;0;0
C202100376;0;0;0;0;0;0;0;0;0;0;3084.95;0;0;0;0;0;0;0
C202100380;0;0;0;0;0;3106.2;0;0;0;0;0;0;0;0;0;0;0;0
C202100381;0;0;0;0;0;0;0;0;0;0;0;0;0;0;0;9170;0;0
C202100385;0;0;0;0;0;15.619;0;0;0;0;0;0;0;0;0;0;0;0
C202100386;0;0;0;0;0;0;3183.27;0;0;0;0;0;0;0;0;0;0;0
C202100389;0;0;0;0;0;0;1850.49;0;0;0;0;0;0;0;0;0;0;0
C202100390;0;0;0;0;0;0;0;0;0;0;0;0;0;0;0;3445.173;0;0
C202100392;0;0;0;0;0;0;0;0;0;0;2750;0;0;0;0;0;0;0
C202100393;0;0;0;0;0;0;0;0;0;0;25000;0;0;0;0;0;0;0
C202100397;0;0;0;0;2111.98;0;0;0;0;0;0;0;0;0;0;3000.14;0;0
C202100407;0;0;0;0;0;0;1612.765;0;0;0;0;0;0;0;0;0;0;0
C202100412;0;0;0;0;0;0;0;0;0;0;0;0;0;0;0;3520.8;0;0
C202100419;0;0;0;0;0;6513;0;0;0;0;0;0;0;0;0;0;0;0
C202100420;0;0;0;0;0;0;0;0;0;0;0;0;0;0;0;4654.571;0;0
C202100421;0;0;0;0;0;0;0;0;0;0;0;0;5604.016;0;0;0;0;0
C202100426;0;0;0;0;0;0;0;0;0;4400.198;0;0;0;0;0;0;0;0
C202100427;0;0;0;0;0;0;0;0;0;0;0;3861.7;0;0;0;0;0;0
C202100431;0;0;0;0;0;0;0;0;0;0;0;0;0;0;0;3000.57;0;0
C202100432;0;0;0;0;0;0;0;0;0;0;1846.899;0;0;0;0;0;0;0
C202100445;0;0;0;0;0;0;0;0;0;0;0;0;0;0;0;31500;0;0
C202100448;0;0;0;0;0;0;0;0;0;0;0;0;0;0;0;4722.077;0;0
C202100449;0;0;0;0;0;0;0;0;0;0;0;0;0;0;0;5202.376;0;0
C202100451;0;0;0;0;0;0;0;0;1.082;0;0;0;0;0;0;0;0;0
C202100455;0;0;0;0;0;0;0;0;560.7;0;0;0;0;0;0;0;0;0
C202100458;0;0;0;0;0;0;0;0;0;4384;0;0;0;0;0;0;0;0
C202100459;0;0;0;0;0;0;0;0;0;0;0;0;0;0;0;2017.24;0;0
C202100460;0;0;0;0;0;3421;0;0;0;0;0;0;0;0;0;0;0;0
C202100463;0;0;0;0;0;0;0;0;0;0;0;0;0;0;0;4738.284;0;0
C202100465;0;0;0;0;0;0;0;0;0;0;0;0;0;0;0;2290.18;0;0
C202100467;0;0;0;0;0;0;0;0;0;0;0;0;0;0;0;920.9;0;0
C202100471;0;0;0;0;0;0;0;0;0;0;0;0;0;0;2200;0;0;0
C202100472;0;0;0;0;0;0;0;0;0;6000;0;0;0;0;0;0;0;0
C202100473;0;0;0;0;0;0;4998.435;0;0;0;0;0;0;0;0;0;0;0
C202100476;0;0;0;0;0;0;0;0;0;0;0;0;0;0;0;0;0;4481.238
C202100480;0;0;0;0;0;0;0;0;0;0;3773.291;0;0;0;0;0;0;0
C202100486;0;0;0;0;0;0;0;0;0;0;0;2082.814;0;0;0;0;0;0
C202100489;0;0;0;0;0;0;0;0;48.65;0;0;0;0;0;0;0;0;0
C202100490;0;0;0;0;0;0;0;0;0;0;0;0;0;0;0;2891;0;0
C202100492;0;0;0;0;0;0;0;0;0;0;13858;0;0;0;0;0;0;0
C202100493;0;0;0;0;0;0;0;0;0;0;0;0;0;0;0;25590.864;0;0
C202100499;0;0;0;0;0;0;0;0;1908.007;0;0;0;0;0;0;0;0;0
C202100500;0;0;0;0;0;0;2042.86;0;0;0;0;0;0;0;0;0;0;0
C202100501;0;0;0;0;0;30060;0;0;0;0;0;0;0;0;0;0;0;0
C202100502;0;0;0;0.738;0;250.4;0.178;0;44.223;0;0;0;0;0;0;0;0;0
C202100503;0;0;0;0;0;0;183.546;0;720.85;0;0;0;0;0;0;0;0;0
C202100505;0;0;0;0;0;0;0;0;0;0;0;0;0;0;97.6;0;0;0
C202100507;0;0;0;0;0;3140;0;0;0;0;0;0;0;0;0;0;0;0
C202100525;0;0;0;0;0;0;0;0;0;4279.446;0;0;0;0;0;0;0;0
C202100526;0;0;0;0;0;0;7643.108;0;0;0;0;0;0;0;0;0;0;0
C202100527;0;0;0;0;0;0;0;0;0;0;0;0;0;0;0;2284.375;0;0
C202100533;0;0;0;0;0;0;0;0;0;0;0;0;0;0;0;4750.188;0;0
C202100535;0;0;0;0;0;0;1587.414;0;2.5;0;0;0;0;0;0;0;0;0
C202100536;0;0;0;0;0;0;3219.328;0;0;0;0;0;0;0;0;0;0;0
C202100537;0;0;0;0;0;0;0;0;0;0;1500.017;0;0;0;0;0;0;0
C202100542;0;0;0;0;0;9579.12;0;0;0;0;0;0;0;0;0;0;0;0
C202100543;0;0;0;0;0;0;0;0;0;0;0;0;0;0;0;7153.565;0;0
C202100550;0;0;0;0;0;0;1622.912;0;0;0;0;0;0;0;0;0;0;0
C202100556;0;0;0;0;0;0;0;0;0;2026.6;0;0;0;0;0;0;0;54
C202100557;0;0;0;0;0;0;0;0;0;4299;0;0;0;0;0;0;0;0
C202100558;0;0;0;0;0;28567.1;0;0;0;0;0;0;0;0;0;0;0;0
C202100570;0;0;0;0;0;0;0;0;0;0;0;0;0;0;0;4752.515;0;0
C202100573;0;2054.88;0;0;0;0;0;0;0;0;1997.05;0;0;0;0;0;0;0
C202100575;0;0;0;0;0;0;0;0;0;0;0;0;6025.42;0;0;0;0;0
C202100576;0;0;0;0;0;0;0;0;0;0;2277.35;0;0;0;0;0;0;0
C202100578;0;0;0;0;0;6012;0;0;0;0;0;0;0;0;0;0;0;0
C202100583;0;0;0;0;0;0;1500;0;0;0;0;0;0;0;0;0;0;0
C202100584;0;0;0;0;0;0;0;0;0;0;27700.03;0;0;0;0;0;0;0
C202100585;0;0;0;0;0;0;0;0;0;0;2719.567;0;0;0;0;0;0;0
C202100588;0;0;0;0;0;0;0;0;54.745;0;0;0;0;0;0;0;0;0
C202100593;0;0;0;0;2788.719;0;0;0;0;0;0;0;0;0;0;0;0;0
C202100595;0;0;0;0.316;0;262.705;0.085;0;602.625;0;0;0;0;0;0;0;0;0
C202100603;0;0;0;0;0;0;0;0;0;0;0;0;0;0;96.45;0;0;0
C202100605;0;0;0;0;0;0;0;0;0;3996.335;0;0;0;0;0;0;0;0
C202100606;0;0;0;0;0;0;0;0;398;0;0;0;0;0;0;0;0;0
C202100607;0;0;0;0;0;0;0;0;0;0;0;0;0;0;0;20000;0;0
C202100608;0;0;0;0;0;0;0;0;0;0;0;0;0;0;0;4694;0;0
C202100609;0;0;0;0;0;0;0;0;0;0;33000;0;0;0;0;0;0;0
C202100610;0;0;0;0;0;0;0;0;0;0;0;0;0;0;0;0;0;4096.842
C202100612;0;0;0;0;0;0;0;0;0;0;0;0;0;0;0;4650.506;0;0
C202100625;0;0;0;0;0;0;2041.09;0;0;0;0;0;0;0;0;0;0;0
C202100626;0;0;0;0;0;4000;0;0;0;0;0;0;0;0;0;0;0;0
C202100627;0;0;0;0;0;0;163.152;0;640.75;0;0;0;0;0;0;0;0;0
C202100632;0;0;0;0;0;20120;0;0;0;0;0;0;0;0;0;0;0;0
C202100633;0;0;0;0;0;0;4274.731;0;0;0;0;0;0;0;0;0;0;0
C202100636;0;0;0;0;0;0;0;0;0;0;0;0;0;0;0;2837.58;0;0
C202100637;0;0;0;0;0;0;0;0;0;0;0;51500;0;0;0;0;0;0
C202100640;0;0;0;0.203;0;330.252;0;0;0.195;0;0;0;0;0;0;0;0;0
C202100644;0;0;0;0;0;0;0;0;0;0;0;0;0;0;0;4752.126;0;0
C202100645;0;0;0;0;0;0;0;0;16.982;0;0;0;0;0;0;0;0;0
C202100646;0;0;0;0;0;0;0;0;0;0;0;0;0;0;0;3059.03;0;0
C202100656;0;0;0;0;0;0;0;0;0;0;3216.826;0;0;0;0;0;0;0
C202100664;0;0;0;0;0;6567;0;0;0;0;0;0;0;0;0;0;0;0
C202100666;0;0;0;0;0;3504.419;0;0;0;0;0;0;0;0;0;0;0;0
C202100667;0;0;0;0;0;0;0;0;0;0;0;0;0;0;0;6268.79;0;0
C202100670;0;0;0;0;0;0;1493.216;0;2.5;0;0;0;0;0;0;0;0;0
C202100671;0;0;0;0;0;0;0;0;0;0;0;0;0;0;0;4750.218;0;0
C202100677;0;0;0;432.6;0;0;0;0;0;0;0;0;0;0;0;0;0;0
C202100682;0;0;0;0;0;0;0;0;0;0;0;0;0;0;0;4818.874;0;0
C202100683;0;0;0;0;0;0;1000;0;0;0;0;0;0;0;0;0;0;0
C202100685;0;0;0;0;0;0;0;0;0;0;0;0;0;0;0;0;0;0.15
C202100686;0;0;0;0;0;0;0;0;0;0;0;0;0;0;0;3735.02;0;0
C202100687;0;0;0;0;2208.86;0;0;0;0;0;0;0;0;0;0;0;0;0
C202100694;0;0;0;0;0;0;0;0;0;0;3450;0;0;0;0;0;0;0
C202100695;0;0;0;0;0;0;0;0;0;0;2750;0;0;0;0;0;0;0
C202100702;0;0;0;0;0;0;0;0;1579.25;0;0;0;0;0;0;0;0;0
C202100704;0;0;0;0;0;6312.6;0;0;0;0;0;0;0;0;0;0;0;0
C202100711;0;0;0;0;0;0;1199.865;0;0;0;0;0;0;0;0;0;0;0
C202100718;0;0;0;0;0;0;0;0;0;0;0;0;0;0;0;1672;0;0
C202100719;0;0;0;0;0;0;2097.16;0;0;0;0;0;0;0;0;0;0;0
C202100720;0;0;0;0;0;0;0;0;0;0;3300;0;0;0;0;0;0;0
C202100721;0;0;0;0;0;0;0;0;0;0;0;0;0;0;0;48000;0;0
C202100731;0;0;0;0;0;0;0;0;0;0;2726.52;0;0;0;0;0;0;0
C202100732;0;0;0;0;0;0;0;0;0;0;0;0;0;0;0;4142.528;0;0
C202100734;0;0;0;0;0;0;0;0;0;0;0;0;0;0;0;4706.303;0;0
C202100735;0;0;0;0;0;0;0;0;400.5;0;0;0;0;0;0;0;0;0
C202100739;0;0;0;0;0;0;163.152;0;640.8;0;0;0;0;0;0;0;0;0
C202100740;0;0;0;0;0;0;0;0;0;0;0;0;0;0;120.1;0;0;0
C202100748;0;0;0;0;0;0;0;0;0.006;0;0;0;0;0;0;8766.85;0;0
C202100749;0;0;0;0;0;0;0;0;0;0;0;0;0;0;0;4748.096;0;0
C202100752;0;0;0;0;0;0;0;0;0;0;0;2045.839;0;0;0;0;0;0
C202100753;0;0;0;0;0;0;1000;0;0;0;0;0;0;0;0;0;0;0
C202100755;0;0;0;0;0;0;0;0;0;0;24630;0;0;0;0;0;0;0
C202100765;0;0;0;0;0;140.365;0;0;0;0;0;0;0;0;0;0;0;0
C202100768;0;0;0;0;0;0;0;0;0;0;0;0;0;0;0;1614.14;0;0
C202100769;0;0;0;0;0;0;0;0;0;0;0;0;0;0;0;3158.53;0;0
C202100770;0;0;0;0;0;0;2183.82;0;0;0;0;0;0;0;0;0;0;0
C202100779;0;0;0;0;0;0;3925.644;0;0;0;0;0;0;0;0;0;0;0
C202100781;0;0;0;0;0;0;0;0;0;0;7648.05;0;0;0;0;0;0;0
C202100783;0;0;0;0;0;42.278;0;0;10.92;0;0;0;0;0;0;0;0;0
C202100794;0;0;0;0;0;0;0;0;0;0;0;0;0;0;0;4924.528;0;0
C202100795;0;0;0;0;0;0;0;0;0;0;0;0;0;0;0;4792.37;0;0
C202100800;0;0;0;0;0;6634.493;0;0;106.2;0;0;0;0;0;0;0;0;0
C202100802;0;0;0;0;0;0;0;0;0;0;0;0;0;0;0;4710.457;0;0
C202100803;0;0;0;0;0;0;0;0;0;0;2499.932;0;0;0;0;0;0;0
C202100804;0;0;0;0;0;0;0;0;0;0;0;0;0;0;0;4715.02;0;0
C202100805;0;0;0;0;0;0;3080.959;0;0;0;0;0;0;0;0;4321.127;0;0
C202100809;0;0;0;0;0;0;0;0;0;0;0;0;0;0;0;9105.044;0;0
C202100810;0;0;0;0;0;12000;0;0;0;0;0;0;0;0;0;0;0;0
C202100815;0;0;0;0;0;0;91.32;0;420;0;0;0;0;0;0;0;0;0
C202100817;0;0;0;0;0;0;0;0;0;0;0;0;0;0;0;5000;0;0
C202100818;0;0;0;0;0;0;0;0;1788.363;0;0;0;0;0;0;0;0;0
C202100819;0;0;0;0;0;0;0;0;0;0;0;0;0;0;0;13000;0;0
C202100820;0;0;0;0;0;0;117.955;0;542.5;0;0;0;0;0;0;0;0;0
C202100822;0;0;0;0;0;0;0;0;0;0;0;0;0;0;0;3032.7;0;0
C202100825;0;0;0;0;0;0;0;0;0;0;0;0;0;0;0;6068.725;0;0
C202100826;0;0;0;0;0;3609;0;0;0;0;0;0;0;0;0;0;0;0
C202100827;0;0;0;0;0;0;20000;0;0;0;0;0;0;0;0;0;0;0
C202100831;0;0;0;0;0;0;1432.04;0;0;0;0;0;0;0;0;0;0;0
C202100833;0;0;0;0;0;0;0;0;0;0;0;0;0;0;0;2316;0;0
C202100834;0;0;0;0;0;0;0;0;0;4409.055;0;0;0;0;0;0;0;0
C202100835;0;0;0;0;0;32401.8;0;0;0.124;0;0;0;0;0;0;0;0;0.235
C202100844;0;0;0;0;0;0;0;0;0;0;3198.97;0;0;0;0;0;0;0
C202100845;0;0;0;0;0;0;0;0;0;0;3300;0;0;0;0;0;0;0
C202100846;0;0;0;0;0;0;0;0;0;0;0;0;0;0;0;4715.519;0;0
C202100847;0;0;0;1392.904;0;0;0;0;0;0;0;0;0;0;0;0;0;0
C202100849;0;0;0;0;0;0;0;0;0;0;0;0;0;0;0;0;0;1573.869
C202100856;0;0;0;0;0;0;0;0;10.414;0;0;0;0;0;0;0;0;0
C202100859;0;0;0;0;0;0;0;0;0;0;0;0;0;0;0;3662.78;0;0
C202100860;0;0;0;0;0;0;0;0;0;0;0;0;0;0;97.05;0;0;0
C202100862;0;0;0;0;0;0;0;0;0;0;0;0;5788.931;0;0;0;0;0
C202100863;0;0;0;0;0;0;0;0;0;0;0;0;6112.79;0;0;0;0;0
C202100875;0;0;0;0;0;0;0;0;0;0;0;0;0;0;0;3408.947;0;0
C202100880;0;0;0;0;0;0;0;0;0;0;0;0;0;0;2000;0;0;0
C202100881;0;0;0;0;0;1703.4;0;0;0;0;0;0;0;0;0;0;0;0
C202100882;0;0;0;0;0;0;0;0;0;0;2857.298;0;0;0;0;0;0;0
C202100883;0;0;0;0;0;0;0;0;0;0;7750.91;0;0;0;0;0;0;0
C202100886;0;5150;0;0;0;0;0;0;0;0;0;0;0;0;0;0;0;0
C202100887;0;0;0;0;0;17751.9;0;0;0;0;0;0;0;0;0;0;0;0
C202100889;0;0;0;0;0;0;136.98;0;630;0;0;0;0;0;0;0;0;0
C202100890;0;0;0;0;0;0;3013.64;0;0;0;0;0;0;0;0;0;0;0
C202100891;0;0;0;0;0;0;0;0;0;0;0;0;0;0;0;3766.7;0;0
C202100893;0;0;0;0;0;7014;0;0;0;0;0;0;0;0;0;0;0;0
C202100894;0;0;0;0;3447.04;0;0;0;0;0;0;0;0;0;0;0;0;0
C202100897;0;0;0;0;0;0;0;0;0;0;7103.13;0;0;0;0;0;0;0
C202100904;0;6448.28;0;0;0;0;0;0;0;0;0;0;0;0;0;0;0;0
C202100905;0;0;0;0;0;12.4;0;0;1492.175;0;0;0;0;0;0;0;0;0
C202100909;0;0;0;0;1265.04;0;0;0;0;0;0;0;0;0;0;0;0;0
C202100916;0;0;0;0;0;20000;0;0;0;0;0;0;0;0;0;0;0;0
C202100917;0;0;0;951.563;0;0;0;0;0;0;0;0;0;0;0;0;0;0
C202100918;0;0;0;0;0;0;0;0;0;0;0;3863.8;0;0;0;0;0;0
C202100919;0;0;0;1280.977;0;0;46.445;0;0;0;0;0;0;0;0;0;0;0
C202100922;0;0;0;0;0;0;2503.521;0;0;0;0;0;0;0;0;0;0;0
C202100923;0;0;0;0;0;0;61.182;0;240.28;0;0;0;0;0;0;0;0;0
C202100924;0;0;0;0;0;0;0;0;0;0;0;0;0;0;0;4691.024;0;0
C202100926;0;0;0;0;0;0;0;0;0;0;3833.889;0;0;0;0;0;0;0
C202100927;0;0;0;0;0;0;0;0;0;0;0;0;0;0;0;3647.74;0;0
C202100928;0;0;0;0;0;0;0;0;0;0;0;0;0;0;0;10991.355;0;0
C202100933;0;0;0;0;1730;0;0;0;0;0;0;0;0;0;0;0;0;0
C202100934;0;0;0;0;0;0;0;0;0;0;0;0;0;0;0;3697.1;0;0
C202100942;0;0;0;0;0;0;0;0;1687.653;2602.445;0;0;0;0;0;0;0;0
C202100944;0;0;0;0;0;9579.12;0;0;0;0;0;0;0;0;0;0;0;0
C202100945;0;0;0;0;0;0;4331.551;0;0;0;0;0;0;0;0;0;0;0
C202100946;0;0;0;0;0;0;2646.471;0;0;0;0;0;0;0;0;0;0;0
C202100949;0;0;0;0;0;0;163.152;0;640.75;0;0;0;0;0;0;0;0;0
C202100950;0;0;0;0;0;48.242;0;0;0;0;0;0;0;0;0;0;0;0
C202100952;0;0;0;0;0;0;1773.359;0;0;0;0;0;0;0;0;0;0;0
C202100953;0;0;0;0;0;0;0;0;0;0;0;0;0;0;0;3243.87;0;0.117
C202100955;0;0;0;0;0;0;0;0;0;4410.11;0;0;0;0;0;0;0;0
C202100956;0;0;0;0;0;0;0;0;0;0;0;0;0;0;0;11221.93;0;0
C202100967;0;0;0;0;0;3577;0;0;0;0;0;0;0;0;0;0;0;0
C202100968;0;0;0;0;0;0;0;0;0;0;0;0;0;0;0;0;0;3152.98
C202100975;0;0;0;0;0;0;2164.113;0;0;0;0;0;0;0;0;0;0;0
C202100976;0;0;0;0;0;0;0;0;0;0;0;0;0;0;0;4700.253;0;0
C202100978;0;0;0;0;0;0;0;0;0;0;0;0;0;0;0;4761.04;0;0
C202100980;0;0;0;0;0;0;0;0;480.6;0;0;0;0;0;0;0;0;0
C202100982;0;0;0;0;0;5026.05;0;0;0;0;0;0;0;0;0;0;0;0
C202100990;0;0;0;716.96;0;0;37.156;0;0;0;0;0;0;0;0;0;0;0
C202100991;0;0;0;0;0;0;0;0;0;0;2857.06;0;0;0;0;0;0;0
C202100992;0;0;0;0;0;0;0;0;0;0;0;0;0;0;0;3701.34;0;0
C202100996;0;0;0;0;0;0;0;0;0;0;0;2965.533;0;0;0;0;0;0
C202100997;0;0;0;0;0;0;0;0;0;0;0;0;0;0;0;0;0;4013.412
C202100998;0;0;0;0;0;0;0;0;0;0;0;0;0;0;0;4754.14;0;0
C202100999;0;0;0;0;0;0;0;0;160.19;0;0;0;0;0;0;0;0;0
C202101001;0;0;0;0;0;0;0;0;0;0;0;0;0;0;0;4801.747;0;0
C202101002;0;0;0;0;0;0;0;0;0;0;15335;0;0;0;0;0;0;0
C202101004;0;0;0;0;0;0;0;0;0;0;0;0;0;0;0;4769.415;0;0
C202101007;0;0;0;0;0;0;0;0;0;3551.3;0;0;0;0;0;0;0;0
C202101008;0;0;0;0;0;15330;0;0;0;0;0;0;0;0;0;0;0;0
C202101009;0;0;0;0;0;0;8000;0;0;0;0;0;0;0;0;0;0;0
C202101020;0;0;0;0;0;0;0;0;0;0;0;0;0;0;0;4077.58;0;0
C202101021;0;0;0;0;0;0;0;0;0;0;0;0;0;0;0;2069.583;0;0
C202101022;0;0;0;0;0;0;0;0;0;0;0;0;0;0;0;29850;0;0
C202101035;0;0;0;0;0;0;0;0;0;0;0;65563;0;0;0;0;0;0
C202101037;0;0;0;0;2330.694;0;0;0;0;0;0;0;0;0;0;0;0;0
C202101040;0;0;0;0;0;0;0;0;0;0;0;0;0;0;0;4381.288;0;0
C202101041;0;0;0;550.629;0;0;0;0;0;0;0;0;0;0;0;0;0;0
C202101044;0;0;0;0;0;0;0;0;0;0;0;0;0;0;0;4697.142;0;0
C202101046;0;0;0;0;0;0;0;0;0;0;0;0;0;0;0;5981.441;0;0
C202101051;0;0;0;0;0;0;0;0;153.315;0;0;0;0;0;0;0;0;0
C202101056;0;0;0;0;0;0;0;0;0;0;0;0;0;0;0;3247.533;0;0
C202101058;0;0;0;0;0;0;0;0;0;0;0;0;0;0;0;6088.45;0;0
C202101059;0;0;0;0.102;0;252.354;212.9;0;13.629;0;0;0;0;0;0;0;0;0
C202101060;0;0;0;0;0;0;0;0;0;6300;0;0;0;0;0;0;0;0
C202101061;0;0;0;0;0;0;3287.432;0;0;0;0;0;0;0;0;0;0;0
C202101063;0;0;0;1679.442;0;0;0;0;0;0;0;0;0;0;0;0;0;0
C202101064;0;0;0;0;0;0;0;0;0;0;15556.54;0;0;0;0;0;0;0
C202101065;0;0;0;0;0;0;2614.545;0;0;0;0;0;0;0;0;3573.06;0;0
C202101072;0;0;0;0;0;0;0;0;0;7905.251;0;0;0;0;0;0;0;0
C202101073;0;0;0;0;0;0;3498.63;0;0;0;0;0;0;0;0;0;0;0
C202101074;0;0;0;0;0;3200;0;0;0;0;0;0;0;0;0;0;0;0
C202101078;0;0;0;0;0;0;3541.64;0;0;4399.694;0;0;0;0;0;0;0;0
C202101080;0;0;0;0;0;0;0;0;0;7665;0;0;0;0;0;0;0;0
C202101084;0;0;0;0;0;0;1699.06;0;0;0;0;0;0;0;0;0;0;0
C202101088;0;0;0;550.629;0;0;0;0;0;0;0;0;0;0;0;0;0;0
C202101090;0;0;0;0;0;0;0;0;0;0;0;0;0;0;0;4196.59;0;0
C202101091;0;0;0;0;0;0;3825.081;0;0;0;0;0;0;0;0;0;0;0
C202101096;0;0;0;0;0;0;0;0;0;0;2907.538;0;0;0;0;0;0;0
C202101097;0;0;0;1322.302;0;0;0;0;0;0;0;0;0;0;0;0;0;0
C202101099;0;0;0;0;0;0;0;0;0;0;0;0;0;0;0;3390.55;0;0
C202101100;0;0;0;0;0;0;20.394;0;80.09;0;0;0;0;0;0;0;0;0
C202101102;0;0;0;0;0;0;0;0;0;1789.59;0;0;0;0;0;0;0;0
C202101103;0;0;0;0;0;0;2332.24;0;0;0;0;0;0;0;0;0;0;0
C202101109;0;0;0;1101.258;0;0;0;0;0;0;0;0;0;0;0;0;0;0
C202101111;0;0;0;1225.658;0;0;0;0;0;0;0;0;0;0;0;0;0;0
C202101114;0;0;0;0;0;0;0;0;0;10750;0;0;0;0;0;0;0;0
C202101115;0;0;0;0;0;38173.7;0;0;0;0;0;0;0;0;0;0;0;0
C202101116;0;0;0;0;0;0;0;0;0;0;1875.453;0;0;0;0;0;0;0
C202101122;0;0;0;841.905;0;0;0;0;0;0;0;0;0;0;0;0;0;0
C202101133;0;0;0;0;0;0;0;0;0;4410.319;0;0;0;0;0;0;0;0
C202101134;0;0;0;0;0;0;0;0;0;3480;0;0;0;0;0;0;0;0
C202101136;0;0;0;0;0;0;0;0;0;0;13550;0;0;0;0;0;0;0
C202101137;0;0;0;0;0;0;0;0;0;0;0;0;0;0;0;4341.875;0;0
C202101138;0;0;0;0;0;0;0;0;0;4710.467;0;0;0;0;0;0;0;0
C202101139;0;0;0;292.29;0;0;0;0;0;0;0;0;0;0;0;0;0;0
C202101141;0;0;0;0;0;0;0;0;0;0;0;0;0;0;0;26000;0;0
C202101142;0;0;0;0;0;0;0;0;0;0;0;0;0;0;97.7;0;0;0
C202101143;0;0;0;0;0;0;0;0;65.256;0;0;0;0;0;0;0;0;0
C202101148;0;0;0;0;0;0;0;0;0;4000;0;0;0;0;0;0;0;0
C202101149;0;0;0;0;0;0;0;0;0;0;21027.14;0;0;0;0;0;0;0
C202101151;0;0;0;0;0;9133.23;0;0;0;0;0;0;0;0;0;0;0;0
C202101153;0;0;0;0;0;0;0;0;1547.263;0;0;0;0;0;0;0;0;0
C202101155;0;0;0;0;0;0;0;0;0;0;0;0;0;0;0;4722.956;0;0
C202101157;0;0;0;0;0;0;0;0;80.09;0;0;0;0;0;0;0;0;0
C202101160;0;0;0;0;0;0;0;0;0;0;11900.27;0;0;0;0;0;0;0
C202101162;0;0;0;0;0;0;2942.77;0;0;0;0;0;0;0;0;0;0;0
C202101167;0;0;0;0;0;0;0;0;0;0;0;2200.23;0;0;0;0;0;0
C202101168;0;0;0;1225.658;0;0;0;0;0;0;0;0;0;0;0;0;0;0
C202101169;0;0;0;0;0;0;4439;0;0;0;0;0;0;0;0;0;0;0
C202101170;0;0;0;0;0;0;0;0;0;0;0;0;0;0;0;3461.78;0;0
C202101171;0;0;0;0;0;0;0;0;0;0;0;0;0;0;0;3346.12;0;0
C202101173;0;0;0;0;0;0;0;0;0;6568;0;0;0;0;0;0;0;0
C202101179;0;0;0;0;0;0;0;0;0;5470;0;0;0;0;0;0;0;0
C202101188;0;0;0;0;0;0;0;0;0;0;0;0;0;0;0;3346.41;0;0
C202101189;0;0;0;0;0;0;0;0;0;0;0;0;0;0;0;6017.032;0;0
C202101191;0;0;0;0;0;0;2800;0;0;0;0;0;0;0;0;0;0;0
C202101192;0;0;0;0;0;0;0;0;0;0;0;0;0;0;0;4708.922;0;0
C202101195;0;0;0;0;0;0;0;0;0;0;0;0;0;0;0;4051.554;0;0
C202101196;0;0;0;0;0;0;0;0;0;0;0;0;0;0;0;4606;0;0
C202101197;0;0;0;0;0;0;0;0;0;0;21998.78;0;0;0;0;0;0;0
C202101198;0;0;0;0;0;113.011;0;0;0;0;0;0;0;0;0;0;0;0
C202101201;0;0;0;0;0;0;0;0;0;2356.459;0;0;0;0;0;0;0;0
C202101206;0;0;0;1357.644;0;0;0;0;0;0;0;0;0;0;0;0;0;0
C202101207;0;0;0;0;0;0;0;0;0;0;0;0;0;0;122.25;0;0;0
C202101210;0;0;0;0;0;0;0;0;0;4440.28;0;0;0;0;0;0;0;0
C202101219;0;0;0;589.374;0;0;0;0;0;0;0;0;0;0;0;0;0;0
C202101221;0;0;0;0;0;0;0;0;0;0;2966.999;0;0;0;0;0;0;0
C202101222;0;0;0;0;0;0;0;0;0;0;0;0;0;0;0;3895.79;0;0
C202101223;0;0;0;0;0;11.815;0;0;1105.175;0;0;0;0;0;0;0;0;0
C202101225;0;0;0;0;3726.932;0;0;0;0;0;0;0;0;0;0;3974.52;0;0
C202101226;0;0;0;0;0;0;0;0;0;0;0;0;0;0;0;6600;0;0
C202101233;0;0;0;0;0;10060;0;0;0;0;0;0;0;0;0;0;0;0
C202101235;0;0;0;0;0;0;3038.611;0;0;0;0;0;0;0;0;0;0;0
C202101240;0;0;0;0.304;0;232.574;150.771;0;0;0;0;0;0;0;0;0;0;0
C202101241;0;0;0;0;0;4008;0;0;0;0;0;0;0;0;0;0;0;0
C202101242;0;0;0;0;0;0;0;0;0;0;0;0;0;0;0;3331.148;0;0
C202101244;0;0;0;0;0;0;0;0;0;0;0;0;0;0;0;4041.901;0;0
C202101250;0;0;0;0;0;0;0;0;0;0;3299.534;0;0;0;0;0;0;0
C202101251;0;0;0;0;0;0;0;0;55;2340;0;0;0;0;0;0;0;0
C202101252;0;0;0;0;0;0;0;0;0;0;0;0;0;0;0;3711.42;0;0
C202101253;0;0;0;0;0;0;0;0;0;0;0;0;0;0;0;4686.878;0;0
C202101254;0;0;0;0;0;0;0;0;0;3400;0;0;0;0;0;0;0;0
C202101257;0;0;0;0;0;0;0;0;0;0;0;0;0;0;0;4464.9;0;0
C202101261;0;0;0;0;0;35650;0;0;0;0;0;0;0;0;0;0;0;0
C202101263;0;0;0;0;0;0;0;0;0;5923.671;0;0;0;0;0;0;0;0
C202101264;0;0;0;0;0;0;0;0;1986.822;0;0;0;0;0;0;0;0;0
C202101265;0;0;0;0;0;0;0;0;0;4200;0;0;0;0;0;0;0;0
C202101266;0;0;0;0;0;0;0;0;0;0;36806;0;0;0;0;0;0;0
C202101267;0;0;0;0;0;0;1958.597;0;0;0;0;0;0;0;0;0;0;0
C202101274;0;0;0;0;0;0;2620.35;0;0;0;0;0;0;0;0;0;0;0
C202101276;0;0;0;0;0;0;0;0;0;0;1895.719;0;0;0;0;0;0;0
C202101277;0;0;0;0;0;0;0;0;0;0;0;0;0;0;0;9900;0;0
C202101279;0;0;0;0;0;0;0;0;0;0;0;0;0;0;0;2493.71;0;0
C202101284;0;0;0;0;0;0;0;0;0;0;0;0;0;0;15.36;0;0;0
C202101285;0;0;0;0;0;0;3956.272;0;0;0;0;0;0;0;0;0;0;0
C202101286;0;0;0;0;0;8880;0;0;0;0;0;0;0;0;0;0;0;0
C202101288;0;0;0;0;0;0;0;0;0;10000;0;0;0;0;0;0;0;0
C202101289;0;0;0;0;0;0;0;0;0;7825;0;0;0;0;0;0;0;0
C202101297;0;0;0;392.269;0;0;0;0;0;0;0;0;0;0;0;0;0;0
C202101298;0;0;0;0;0;0;0;0;0;4651.995;0;0;0;0;0;0;0;0
C202101299;0;0;0;0;0;0;0;0;0;0;0;0;0;0;0;4719.044;0;0
C202101300;0;0;0;1494.064;0;0;0;0;0;0;0;0;0;0;0;0;0;0
C202101301;0;0;0;0;0;3554;0;0;0;0;0;0;0;0;0;0;0;0
C202101304;0;0;0;0;0;0;0;0;0;0;0;0;0;0;0;4173.354;0;0
C202101309;0;0;0;0;0;15010;0;0;0;0;0;0;0;0;0;0;0;0
C202101312;0;0;0;0;0;0;0;0;0;4000;0;0;0;0;0;0;0;0
C202101313;0;0;0;0;0;0;0;0;0;0;0;0;0;0;0;3372.44;0;0
C202101315;0;0;0;0;0;0;0;0;0;0;0;0;0;0;0;2865.4;0;0
C202101317;0;0;0;1494.064;0;0;0;0;0;0;0;0;0;0;0;0;0;0
C202101319;0;0;0;835.495;0;0;0;0;0;0;0;0;0;0;0;0;0;0
C202101321;0;0;0;0;0;0;0;0;0;0;0;0;0;0;0;3375.416;0;0
C202101322;0;0;0;0;0;0;0;0;0;0;0;0;5878.37;0;0;0;0;0
C202101323;0;0;0;0;0;0;0;0;0;0;0;0;0;0;0;4691.86;0;0
C202101324;0;0;0;0;0;0;0;0;0;0;0;0;0;0;0;6330;0;0.007
C202101331;0;0;0;1205.559;0;0;0;0;0;0;0;0;0;0;0;0;0;0
C202101335;0;0;0;0;0;6465.405;0;0;0;0;0;0;0;0;0;0;0;0
C202101336;0;0;0;0;0;0;0;0;0;2109.185;0;0;0;0;0;0;0;0
C202101340;0;0;0;0;0;0;1808.305;0;0;0;0;0;0;0;0;0;0;0
C202101344;0;0;0;0;0;3120;0;0;0;0;1000.28;0;0;0;0;0;0;0
C202101354;0;0;0;0;0;0;0;0;0;4725;0;0;0;0;0;0;0;0
C202101356;0;0;0;1494.064;0;0;0;0;0;0;0;0;0;0;0;0;0;0
C202101358;0;0;0;0;0;0;0;0;0;0;0;0;0;0;0;345.15;0;0
C202101359;0;0;0;0;0;0;2091.617;0;0;0;0;0;0;0;2000;0;0;0
C202101361;0;0;0;0;0;0;2555.773;0;0;0;0;0;0;0;0;3367.09;0;0
C202101362;0;0;0;0;0;0;0;0;0;0;7476.257;0;0;0;0;0;0;0
C202101369;0;0;0;0;0;0;0;0;0;5922.894;0;0;0;0;0;0;0;0
C202101374;0;0;0;0;0;0;0;0;0;0;0;0;0;0;0;1811.97;0;0
C202101378;0;0;0;0;0;15132.4;0;0;0;0;0;0;0;0;0;0;0;0
C202101379;0;0;0;0;0;0;0;0;0;0;0;0;0;0;0;29998;0;0
C202101381;0;0;0;1295.979;0;0;0;0;0;0;0;0;0;0;0;0;0;0
C202101382;0;0;0;0;0;0;0;0;0;4725;0;0;0;0;0;0;0;0
C202101383;0;0;0;0;0;0;2886.01;0;0;0;0;0;0;0;0;0;0;0
C202101384;0;0;0;0;0;0;0;0;0;0;5627.102;0;0;0;0;0;0;0
C202101385;0;0;0;0;0;0;0;0;34.828;0;0;0;0;0;95.4;0;0;0
C202101389;0;0;0;0;0;0;0;0;0;0;0;0;0;0;0;3222.73;0;0
C202101390;0;0;0;0;0;0;0;0;0;0;0;0;0;0;0;3002.959;0;0
C202101393;0;0;0;0;0;0;1798.853;0;1.25;0;0;0;0;0;0;0;0;0
C202101394;0;0;0;0;3000;0;0;0;0;0;0;0;0;0;0;0;0;0
C202101397;0;0;0;0;0;0;0;0;0;3612;0;0;0;0;0;0;0;0
C202101410;0;0;0;0;0;0;0;0;0;0;0;0;0;0;0;6855.88;0;0
C202101411;0;0;0;0;0;0;0;0;0;0;3310.306;0;0;0;0;0;0;0
C202101412;0;0;0;0;0;0;0;0;0;0;0;68100.93;0;0;0;0;0;0
C202101413;0;0;0;0;0;0;0;0;0;0;2971.458;0;0;0;0;0;0;0
C202101415;0;0;0;0;0;0;0;0;0;8372.7;0;0;0;0;0;0;0;0
C202101416;0;0;0;0;0;0;0;0;0;4725;0;0;0;0;0;0;0;0
C202101420;0;0;0;0;0;3422;0;0;0;3034.456;0;0;0;0;0;0;0;0
C202101422;0;0;0;0;0;0;0;0;0;0;0;0;0;0;0;0;0;1360.209
C202101428;0;0;0;0;0;9122.2;0;0;0;0;0;0;0;0;0;0;0;0
C202101430;0;0;0;0;0;0;0;0;0;0;0;0;0;0;0;2712.59;0;0
C202101431;0;0;0;0;0;0;0;0;0;0;0;0;0;0;0;4596.72;0;0
C202101435;0;0;0;0;0;0;0;0;0;0;0;0;0;0;0;4500.04;0;0
C202101436;0;0;0;0;0;0;0;0;0;0;0;0;0;0;0;2934.43;0;0
C202101439;0;0;0;966.365;0;0;0;0;0;0;0;0;0;0;0;0;0;0
C202101457;0;0;0;0;0;0;0;0;11.186;0;0;0;0;0;0;0;0;0
C202101458;0;0;0;0;0;0;0;0;0;0;0;0;0;0;0;4628.511;0;0
C202101461;0;0;0;0;0;0;0;0;0;0;0;0;0;0;0;14500;0;0
C202101462;0;0;0;0;0;0;0;0;0;4499.463;0;0;0;0;0;0;0;0
C202101463;0;0;0;0;0;0;0;0;0;7211;0;0;0;0;0;0;0;0
C202101467;0;0;0;0;0;5300.1;0;0;0;0;0;0;0;0;0;0;0;0
C202101468;0;0;0;0;0;0;0;0;0;4411;0;0;0;0;0;0;0;0
C202101470;0;0;0;0;0;0;0;0;0;0;0;0;0;0;0;29.46;0;830.206
C202101471;0;0;0;0;0;0;0;0;0;0;0;0;0;0;0;4400;0;0
C202101472;0;0;0;0;0;0;0;0;0;0;0;0;0;0;0;3741.25;0;0
C202101473;0;0;0;0;0;0;0;0;0;3520;0;0;0;0;0;0;0;0
C202101474;0;0;0;0;0;0;0;0;0;0;4355.4;0;0;0;0;0;0;0
C202101475;0;0;0;0;0;0;4708.504;0;0;0;0;0;0;0;0;0;0;0
C202101476;0;0;0;0;0;0;0;0;0;7630;0;0;0;0;0;0;0;0
C202101477;0;0;0;0;0;0;3016.22;0;0;0;0;0;0;0;0;0;0;0
C202101478;0;0;0;0;0;0;0;0;0;0;0;0;0;0;0;3274.229;0;0
C202101481;0;0;0;0;0;3476;0;0;0;0;0;0;0;0;0;3200.82;0;0
C202101484;0;0;0;0;0;0;0;0;0;0;0;0;0;0;0;0;0;4011.5
C202101486;0;0;0;0;0;35000;0;0;0;0;0;0;0;0;0;0;0;0
C202101491;0;0;0;0;0;0;0;0;0;1700;0;0;0;0;0;0;0;0
C202101492;0;0;0;0;0;0;0;0;0;0;33000;0;0;0;0;0;0;0.13
C202101493;0;0;0;0;0;0;0;0;0;4769.35;0;0;0;0;0;0;0;0
C202101495;0;0;0;0;0;4426;0;0;0;4495.931;0;0;0;0;0;0;0;0
C202101497;0;0;0;0;0;0;0;0;0;0;0;0;0;0;0;4095.017;0;0.25
C202101506;0;0;0;0;0;0;0;0;0;4411.899;0;0;0;0;0;0;0;0
C202101507;0;0;0;0;0;0;0;0;2093.731;0;0;0;0;0;0;3460.2;0;0
C202101511;0;0;0;0;0;0;0;0;0;0;0;0;0;0;0;7495.09;0;0
C202101513;0;0;0;0;0;8000;0;0;0;0;0;0;0;0;0;0;0;0
C202101514;0;0;0;0;2690.94;0;0;0;0.002;0;0;0;0;0;0;2373.8;0;0
C202101515;0;0;0;0;0;0;0;0;0;6220;0;0;0;0;0;0;0;0
C202101516;0;0;0;0;0;0;0;0;0;0;1512.88;0;0;0;0;0;0;0
C202101521;0;0;0;0;0;0;0;0;0;20000;0;0;0;0;0;0;0;0
C202101524;0;0;0;0;0;0;0;0;0;0;18649;0;0;0;0;0;0;0
C202101535;0;0;0;0;0;0;0;0;0;0;0;0;0;0;0;5097.6;0;0
C202101536;0;0;0;0;0;0;0;0;0;0;0;0;0;0;0;5702.689;0;0
C202101537;0;0;0;0;0;0;0;0;0;0;0;0;0;5549.681;0;0;0;0
C202101538;0;0;0;0;0;3313;0;0;0;0;2699.405;0;0;0;0;0;0;0
C202101539;0;0;0;0;0;18770;0;0;0;0;0;0;0;0;0;0;0;0
C202101540;0;0;0;0;0;0;0;0;0;0;0;0;0;0;0;2514.48;0;0
C202101544;0;0;0;0;0;0;2477.93;0;0;0;0;0;0;0;0;0;0;0
C202101553;0;0;0;0;0;2755.5;0;0;0;0;0;0;0;0;0;0;0;0
C202101557;0;0;0;0;0;4003;0;0;0;0;0;0;0;0;0;0;0;0
C202101559;0;0;0;0;0;0;0;0;0;0;0;0;0;0;0;4502.22;0;0
C202101561;0;0;0;0;0;0;0;0;0;2826.692;0;0;0;0;0;0;0;0
C202101562;0;0;0;1129.93;0;0;0;0;0;0;0;0;0;0;0;0;0;0
C202101567;0;0;0;0;0;0;0;0;0;6119;0;0;0;0;0;0;0;0
C202101568;0;0;0;0;0;0;0;0;0;0;0;0;0;0;0;4601.64;0;0
C202101569;0;0;0;0;0;0;0;0;0;0;5333.834;0;0;0;0;0;0;0
C202101572;0;0;0;0;0;0;0;0;0;0;0;0;0;0;0;3425.07;0;0
C202101574;0;0;0;0;0;0;0;0;0;0;0;0;0;0;0;4000;0;0
C202101575;0;0;0;0;0;0;0;0;0;0;63691.078;0;0;0;0;0;0;0
C202101576;0;0;0;0;0;10020;0;0;19.85;0;0;0;0;0;0;0;0;0
C202101578;0;0;0;0;0;0;3410.153;0;0;0;0;0;0;0;0;0;0;0
C202101579;0;0;0;0;0;0;0;0;0;0;0;0;0;0;72.15;0;0;0
C202101582;0;0;0;0;0;0;0;0;0;0;0;0;0;0;0;3002.6;0;0
C202101583;0;0;0;0;0;0;0;0;0;0;0;0;0;0;0;2018;0;0
C202101589;0;0;0;0;0;0;0;0;0;0;3299.778;0;0;0;0;0;0;0
C202101596;0;0;0;0;0;0;0;0;0;4842.1;0;0;0;0;0;0;0;0
C202101598;0;0;0;0;0;0;0;0;0;0;0;0;0;0;0;9398.015;0;0
C202101602;0;0;0;0;0;0;0;0;0;3800;0;0;0;0;0;0;0;0
C202101603;0;0;0;0;0;0;0;0;0;0;0;0;0;0;0;2471.15;0;0
C202101606;0;0;0;0;0;0;0;0;0;12100;0;0;0;0;0;0;0;0
C202101607;0;0;0;0;0;0;0;0;0;0;0;0;0;0;0;1997.55;0;0
C202101610;0;0;0;0;0;0;0;0;0;0;0;0;0;0;0;186.937;0;0
C202101611;0;0;0;0;0;4538;0;0;0;0;0;0;0;0;0;4604.802;0;0
C202101612;0;0;0;0;0;0;0;0;0;3300;0;0;0;0;0;0;0;0
C202101613;0;0;0;0;0;0;2509.12;0;0;0;0;0;0;0;0;0;0;0
C202101614;0;0;0;0;0;0;0;0;0;0;0;0;0;0;0;0;0;4603.36
C202101616;0;0;0;0;0;0;0;0;0;0;0;0;0;0;0;2406.26;0;0
C202101617;0;0;0;0;1993.02;0;0;0;0;0;0;0;0;0;0;0;0;0
C202101618;0;0;0;0;0;15080.4;0;0;0;0;0;0;0;0;0;0;0;0
C202101619;0;0;0;0;0;0;0;0;0;0;0;0;0;0;0;3600.956;0;0
C202101622;0;0;0;0;0;0;0;0;0;0;0;0;5912.21;0;0;0;0;0
C202101624;0;0;0;0;0;0;5009.357;0;0;0;0;0;0;0;0;0;0;0
C202101627;0;0;0;0;0;0;0;0;0;7400;0;0;0;0;0;0;0;0
C202101628;0;0;0;0;0;0;1942.499;0;0;0;0;0;0;0;0;0;0;0
C202101632;0;0;0;1227.513;0;0;0;0;0;0;0;0;0;0;0;0;0;0
C202101633;0;0;0;0;0;0;0;0;0;0;0;0;0;0;0;5524.8;0;0
C202101634;0;0;0;0;0;0;6000;0;0;5514.463;0;0;0;0;0;0;0;0
C202101635;0;0;0;0;0;4000;0;0;0;0;0;0;0;0;0;0;0;0
C202101638;0;0;0;0;0;0;0;0;0;0;0;0;0;0;0;6965.709;0;0
C202101639;0;0;0;0;0;0;0;0;0;10200.325;0;0;0;0;0;0;0;0
C202101643;0;0;0;0;3030;0;0;0;0;0;0;0;0;0;0;0;0;0
